project_id;proj_name;prof_pk;volgnr;prof_ids;prof_wpeil;prof_opm;prof_hpeil;prof_lpeil;prof_rpeil;code;sub_code;tekencode;afstand;afst_afw;afst_bron;bk;bk_eenheid;bk_afw;bk_bron;ok;ok_eenheid;ok_afw;ok_bron;opm;_bk_wp;_bk_nap;_ok_nap;_ok_wp;fotos;datumtijd;method;stok_len;l1_len;gps_rd_x;gps_rd_y;gps_rd_z;gps_wgs_x;gps_wgs_y;gps_wgs_z;gps_h_afw;gps_z_afw;epsg;gps_z_nap_pole;last_modified
TI20072;Prio 1- 1 W7610-3 Zeeburg;17;0;1#i0;-0.39;;-0.39;-5.64;-1.31;1;1;200;-2.4;;manual;-112.0;cm tov WP;;manual;;mNAP;;;;-112.0;0.7300000000000001;;;;2020-03-13T07:39:21.968Z;;;;;;;;;;;;4326.0;;2020-03-13T07:39:57.075Z
TI20072;Prio 1- 1 W7610-3 Zeeburg;17;1;1#i0;-0.39;;-0.39;-5.64;-1.31;1;;200;-0.4;;manual;-30.0;cm tov WP;;manual;;mNAP;;;;-30.0;-0.09000000000000002;;;;2020-03-13T07:38:39.672Z;;;;;;;;;;;;4326.0;;2020-03-13T07:38:39.672Z
TI20072;Prio 1- 1 W7610-3 Zeeburg;17;2;1#i0;-0.39;;-0.39;-5.64;-1.31;22L;;52;0.0;4.17;gps;-5.64;mNAP;4.17;gps;;mNAP;;;;0;-0.39;-0.39;0;;2020-03-13T07:37:51.328Z;;4.0;0.07006;126171.597;487099.781;-1.57318823853067;4.963895333333333;52.37101887166667;41.374;1.85;4.17;4326.0;-5.64324823853067;2020-03-13T07:37:51.328Z
TI20072;Prio 1- 1 W7610-3 Zeeburg;17;3;1#i0;-0.39;;-0.39;-5.64;-1.31;99;5;200;0.1;;manual;12.0;cm tov WP;;manual;25.0;cm tov WP;;manual;;12.0;-0.51;-0.64;25.0;;2020-03-13T07:17:02.180Z;;;;;;;;;;;;4326.0;;2020-03-13T07:17:02.180Z
TI20072;Prio 1- 1 W7610-3 Zeeburg;17;4;1#i0;-0.39;;-0.39;-5.64;-1.31;99;5;200;0.5;;manual;52.0;cm tov WP;;manual;62.0;cm tov WP;;manual;;52.0;-0.91;-1.01;62.0;;2020-03-13T07:17:09.766Z;;;;;;;;;;;;4326.0;;2020-03-13T07:17:09.766Z
TI20072;Prio 1- 1 W7610-3 Zeeburg;17;5;1#i0;-0.39;;-0.39;-5.64;-1.31;99;5;;1.0;;manual;70.0;cm tov WP;;manual;90.0;cm tov WP;;manual;;70.0;-1.0899999999999999;-1.29;90.0;;2020-03-13T07:17:41.189Z;;;;;;;;;;;;4326.0;;2020-03-13T07:17:41.189Z
TI20072;Prio 1- 1 W7610-3 Zeeburg;17;6;1#i0;-0.39;;-0.39;-5.64;-1.31;99;5;;1.5;;manual;73.0;cm tov WP;;manual;98.0;cm tov WP;;manual;;73.0;-1.12;-1.37;98.0;;2020-03-13T07:17:48.436Z;;;;;;;;;;;;4326.0;;2020-03-13T07:17:48.436Z
TI20072;Prio 1- 1 W7610-3 Zeeburg;17;7;1#i0;-0.39;;-0.39;-5.64;-1.31;99;5;;2.0;;manual;71.0;cm tov WP;;manual;100.0;cm tov WP;;manual;;71.0;-1.1;-1.3900000000000001;100.0;;2020-03-13T07:17:54.746Z;;;;;;;;;;;;4326.0;;2020-03-13T07:17:54.746Z
TI20072;Prio 1- 1 W7610-3 Zeeburg;17;8;1#i0;-0.39;;-0.39;-5.64;-1.31;99;5;;3.0;;manual;65.0;cm tov WP;;manual;100.0;cm tov WP;;manual;;65.0;-1.04;-1.3900000000000001;100.0;;2020-03-13T07:18:05.841Z;;;;;;;;;;;;4326.0;;2020-03-13T07:18:05.841Z
TI20072;Prio 1- 1 W7610-3 Zeeburg;17;9;1#i0;-0.39;;-0.39;-5.64;-1.31;99;7;;3.5;;manual;68.0;cm tov WP;;manual;92.0;cm tov WP;;manual;;68.0;-1.07;-1.31;92.0;;2020-03-13T07:18:39.890Z;;;;;;;;;;;;4326.0;;2020-03-13T07:18:39.890Z
TI20072;Prio 1- 1 W7610-3 Zeeburg;17;10;1#i0;-0.39;;-0.39;-5.64;-1.31;99;6;;4.0;;manual;58.0;cm tov WP;;manual;82.0;cm tov WP;;manual;;58.0;-0.97;-1.21;82.0;;2020-03-13T07:18:44.300Z;;;;;;;;;;;;4326.0;;2020-03-13T07:18:44.300Z
TI20072;Prio 1- 1 W7610-3 Zeeburg;17;11;1#i0;-0.39;;-0.39;-5.64;-1.31;99;6;;4.5;;manual;45.0;cm tov WP;;manual;72.0;cm tov WP;;manual;;45.0;-0.8400000000000001;-1.1099999999999999;72.0;;2020-03-13T07:18:53.311Z;;;;;;;;;;;;4326.0;;2020-03-13T07:18:53.311Z
TI20072;Prio 1- 1 W7610-3 Zeeburg;17;12;1#i0;-0.39;;-0.39;-5.64;-1.31;99;6;200;5.0;;manual;38.0;cm tov WP;;manual;65.0;cm tov WP;;manual;;38.0;-0.77;-1.04;65.0;;2020-03-13T07:19:01.757Z;;;;;;;;;;;;4326.0;;2020-03-13T07:19:01.757Z
TI20072;Prio 1- 1 W7610-3 Zeeburg;17;13;1#i0;-0.39;;-0.39;-5.64;-1.31;99;6;200;5.5;;manual;25.0;cm tov WP;;manual;65.0;cm tov WP;;manual;;25.0;-0.64;-1.04;65.0;;2020-03-13T07:19:39.433Z;;;;;;;;;;;;4326.0;;2020-03-13T07:19:39.433Z
TI20072;Prio 1- 1 W7610-3 Zeeburg;17;14;1#i0;-0.39;;-0.39;-5.64;-1.31;99;6;200;6.0;;manual;12.0;cm tov WP;;manual;41.0;cm tov WP;;manual;;12.0;-0.51;-0.8;41.0;;2020-03-13T07:19:45.877Z;;;;;;;;;;;;4326.0;;2020-03-13T07:19:45.877Z
TI20072;Prio 1- 1 W7610-3 Zeeburg;17;15;1#i0;-0.39;;-0.39;-5.64;-1.31;99;6;200;6.5;;manual;8.0;cm tov WP;;manual;25.0;cm tov WP;;manual;;8.0;-0.47000000000000003;-0.64;25.0;;2020-03-13T07:19:51.258Z;;;;;;;;;;;;4326.0;;2020-03-13T07:19:51.258Z
TI20072;Prio 1- 1 W7610-3 Zeeburg;17;16;1#i0;-0.39;;-0.39;-5.64;-1.31;99;6;200;6.7;;manual;3.0;cm tov WP;;manual;9.0;cm tov WP;;manual;;3.0;-0.42000000000000004;-0.48;9.0;;2020-03-13T07:20:09.447Z;;;;;;;;;;;;4326.0;;2020-03-13T07:20:09.447Z
TI20072;Prio 1- 1 W7610-3 Zeeburg;17;17;1#i0;-0.39;;-0.39;-5.64;-1.31;22R;;200;6.8;3.15;gps;-1.31;mNAP;3.15;gps;;mNAP;;;;0;-0.39;-0.39;0;;2020-03-13T07:23:40.324Z;;4.0;0.07006;126165.571;487100.027;2.7567949988848985;4.963806828333333;52.37102076333334;45.704;1.66;3.15;4326.0;-1.3132650011151015;2020-03-13T07:23:40.324Z
TI20072;Prio 1- 1 W7610-3 Zeeburg;17;18;1#i0;-0.39;;-0.39;-5.64;-1.31;2;;200;7.0;;manual;-5.0;cm tov WP;;manual;;mNAP;;;;-5.0;-0.34;;;;2020-03-13T07:32:01.342Z;;;;;;;;;;;;4326.0;;2020-03-13T07:32:01.342Z
TI20072;Prio 1- 1 W7610-3 Zeeburg;17;19;1#i0;-0.39;;-0.39;-5.64;-1.31;2;;200;7.4;;manual;-20.0;cm tov WP;;manual;;mNAP;;;;-20.0;-0.19;;;;2020-03-13T07:33:03.752Z;;;;;;;;;;;;4326.0;;2020-03-13T07:33:03.752Z
TI20072;Prio 1- 1 W7610-3 Zeeburg;17;20;1#i0;-0.39;;-0.39;-5.64;-1.31;2;;200;8.3;;manual;-65.0;cm tov WP;;manual;;mNAP;;;;-65.0;0.26;;;;2020-03-13T07:33:37.016Z;;;;;;;;;;;;4326.0;;2020-03-13T07:33:37.016Z
TI20072;Prio 1- 1 W7610-3 Zeeburg;17;21;1#i0;-0.39;;-0.39;-5.64;-1.31;2;2;52;9.0;;manual;-87.0;cm tov WP;;manual;;mNAP;;;;-87.0;0.48;;;;2020-03-13T07:34:43.136Z;;;;;;;;;;;;4326.0;;2020-03-13T07:36:17.257Z
TI20072;Prio 1- 1 W7610-3 Zeeburg;13;0;10#i0;-0.65;;-0.65;-0.66;-0.64;1;1;200;-1.981;0.02;gps;0.77;mNAP;0.02;gps;;mNAP;;;;-142;0.77;;;;2020-03-13T06:57:35.598Z;;2.0;0.07006;126125.235;487102.058;2.838688050990142;4.963214388333334;52.37103690166667;45.786;0.01;0.02;4326.0;0.7686280509901422;2020-03-13T06:57:35.598Z
TI20072;Prio 1- 1 W7610-3 Zeeburg;13;1;10#i0;-0.65;;-0.65;-0.66;-0.64;1;;200;-0.752;0.02;gps;-0.28;mNAP;0.02;gps;;mNAP;;;Uitgezakt talud;-37;-0.28;;;1584082796509.jpg;2020-03-13T06:57:47.762Z;;2.0;0.07006;126123.968;487101.858;1.7886809568020885;4.963195795;52.37103503666667;44.736;0.01;0.02;4326.0;-0.2813790431979115;2020-03-13T06:59:59.914Z
TI20072;Prio 1- 1 W7610-3 Zeeburg;13;2;10#i0;-0.65;;-0.65;-0.66;-0.64;22L;;78;0.0;0.01;gps;-0.66;mNAP;0.01;gps;;mNAP;;;;0;-0.65;-0.65;0;;2020-03-13T06:49:55.074Z;;2.0;0.07006;126123.363;487101.411;1.4086726040657842;4.963186956666666;52.371030985;44.356;0.01;0.01;4326.0;-0.6613873959342158;2020-03-13T06:49:55.074Z
TI20072;Prio 1- 1 W7610-3 Zeeburg;13;3;10#i0;-0.65;;-0.65;-0.66;-0.64;99;5;78;0.1;;manual;2.0;cm tov WP;;manual;50.0;cm tov WP;;manual;;2.0;-0.67;-1.15;50.0;;2020-03-13T06:51:25.172Z;;;;;;;;;;;;4326.0;;2020-03-13T06:51:25.172Z
TI20072;Prio 1- 1 W7610-3 Zeeburg;13;4;10#i0;-0.65;;-0.65;-0.66;-0.64;99;5;78;0.5;;manual;10.0;cm tov WP;;manual;57.0;cm tov WP;;manual;;10.0;-0.75;-1.22;57.0;;2020-03-13T06:51:35.142Z;;;;;;;;;;;;4326.0;;2020-03-13T06:51:35.142Z
TI20072;Prio 1- 1 W7610-3 Zeeburg;13;5;10#i0;-0.65;;-0.65;-0.66;-0.64;99;7;78;1.0;;manual;11.0;cm tov WP;;manual;61.0;cm tov WP;;manual;;11.0;-0.76;-1.26;61.0;;2020-03-13T06:51:46.030Z;;;;;;;;;;;;4326.0;;2020-03-13T06:51:46.030Z
TI20072;Prio 1- 1 W7610-3 Zeeburg;13;6;10#i0;-0.65;;-0.65;-0.66;-0.64;99;6;78;1.5;;manual;8.0;cm tov WP;;manual;35.0;cm tov WP;;manual;;8.0;-0.73;-1.0;35.0;;2020-03-13T06:51:55.327Z;;;;;;;;;;;;4326.0;;2020-03-13T06:51:55.327Z
TI20072;Prio 1- 1 W7610-3 Zeeburg;13;7;10#i0;-0.65;;-0.65;-0.66;-0.64;99;6;78;1.6;;manual;7.0;cm tov WP;;manual;21.0;cm tov WP;;manual;;7.0;-0.72;-0.86;21.0;;2020-03-13T06:52:03.170Z;;;;;;;;;;;;4326.0;;2020-03-13T06:52:03.170Z
TI20072;Prio 1- 1 W7610-3 Zeeburg;13;8;10#i0;-0.65;;-0.65;-0.66;-0.64;22R;;78;1.795;0.01;gps;-0.64;mNAP;0.01;gps;;mNAP;;;;0;-0.65;-0.65;0;;2020-03-13T06:52:51.746Z;;2.0;0.07006;126121.634;487101.893;1.4336735932491314;4.9631615233333335;52.371035230000004;44.381;0.01;0.01;4326.0;-0.6363864067508687;2020-03-13T06:52:51.746Z
TI20072;Prio 1- 1 W7610-3 Zeeburg;13;9;10#i0;-0.65;;-0.65;-0.66;-0.64;2;;200;2.331;0.01;gps;-0.02;mNAP;0.01;gps;;mNAP;;;;-63;-0.02;;;;2020-03-13T06:55:28.764Z;;2.0;0.07006;126121.131;487102.079;2.051674523586917;4.963154125;52.37103687333333;44.999;0.01;0.01;4326.0;-0.018385476413082844;2020-03-13T06:55:28.764Z
TI20072;Prio 1- 1 W7610-3 Zeeburg;13;10;10#i0;-0.65;;-0.65;-0.66;-0.64;2;;200;2.852;0.01;gps;0.23;mNAP;0.01;gps;;mNAP;;;;-88;0.23;;;;2020-03-13T06:55:24.921Z;;2.0;0.07006;126120.594;487102.079;2.3046727059996988;4.963146236666667;52.37103684;45.252;0.01;0.01;4326.0;0.23461270599969875;2020-03-13T06:55:24.921Z
TI20072;Prio 1- 1 W7610-3 Zeeburg;13;11;10#i0;-0.65;;-0.65;-0.66;-0.64;2;2;200;3.33;0.01;gps;0.46;mNAP;0.01;gps;;mNAP;;;;-111;0.46;;;;2020-03-13T06:55:13.938Z;;2.0;0.07006;126120.103;487102.007;2.5266700492265377;4.96313904;52.371036175;45.474;0.01;0.01;4326.0;0.4566100492265377;2020-03-13T06:55:13.938Z
TI20072;Prio 1- 1 W7610-3 Zeeburg;10;0;11#i0;-0.39;;-0.39;-0.39;-0.39;1;1;78;-0.448;0.02;gps;0.13;mNAP;0.02;gps;;mNAP;;;;-52;0.13;;;;2020-03-13T10:53:42.829Z;;2.0;0.07006;126035.457;486956.913;2.1953379758169893;4.961908663333333;52.369727700000006;45.145;0.01;0.02;4326.0;0.1252779758169893;2020-03-13T10:53:42.829Z
TI20072;Prio 1- 1 W7610-3 Zeeburg;10;1;11#i0;-0.39;;-0.39;-0.39;-0.39;1;;78;-0.207;0.02;gps;-0.03;mNAP;0.02;gps;;mNAP;;;;-36;-0.03;;;;2020-03-13T10:53:38.154Z;;2.0;0.07006;126035.212;486956.911;2.042337130652732;4.961905065;52.36972767333334;44.992;0.01;0.02;4326.0;-0.02772286934726796;2020-03-13T10:53:38.154Z
TI20072;Prio 1- 1 W7610-3 Zeeburg;10;2;11#i0;-0.39;;-0.39;-0.39;-0.39;22L;;78;0.0;0.02;gps;-0.39;mNAP;0.02;gps;;mNAP;;;;0;-0.39;-0.39;0;;2020-03-13T10:53:28.857Z;;2.0;0.07006;126035.012;486956.964;1.684337208488265;4.96190213;52.36972814000001;44.634;0.01;0.02;4326.0;-0.38572279151173494;2020-03-13T10:53:28.857Z
TI20072;Prio 1- 1 W7610-3 Zeeburg;10;3;11#i0;-0.39;;-0.39;-0.39;-0.39;99;5;200;0.1;;manual;5.0;cm tov WP;;manual;8.0;cm tov WP;;manual;;5.0;-0.44;-0.47000000000000003;8.0;;2020-03-13T10:54:17.707Z;;;;;;;;;;;;4326.0;;2020-03-13T10:54:17.707Z
TI20072;Prio 1- 1 W7610-3 Zeeburg;10;4;11#i0;-0.39;;-0.39;-0.39;-0.39;99;5;200;0.5;;manual;22.0;cm tov WP;;manual;38.0;cm tov WP;;manual;;22.0;-0.61;-0.77;38.0;;2020-03-13T10:54:22.691Z;;;;;;;;;;;;4326.0;;2020-03-13T10:54:22.691Z
TI20072;Prio 1- 1 W7610-3 Zeeburg;10;5;11#i0;-0.39;;-0.39;-0.39;-0.39;99;5;200;1.0;;manual;28.0;cm tov WP;;manual;63.0;cm tov WP;;manual;;28.0;-0.67;-1.02;63.0;;2020-03-13T10:54:30.430Z;;;;;;;;;;;;4326.0;;2020-03-13T10:54:30.430Z
TI20072;Prio 1- 1 W7610-3 Zeeburg;10;6;11#i0;-0.39;;-0.39;-0.39;-0.39;99;7;200;1.5;;manual;30.0;cm tov WP;;manual;75.0;cm tov WP;;manual;;30.0;-0.69;-1.1400000000000001;75.0;;2020-03-13T10:54:38.068Z;;;;;;;;;;;;4326.0;;2020-03-13T10:54:38.068Z
TI20072;Prio 1- 1 W7610-3 Zeeburg;10;7;11#i0;-0.39;;-0.39;-0.39;-0.39;99;6;200;2.0;;manual;25.0;cm tov WP;;manual;72.0;cm tov WP;;manual;;25.0;-0.64;-1.1099999999999999;72.0;;2020-03-13T10:54:47.464Z;;;;;;;;;;;;4326.0;;2020-03-13T10:54:47.464Z
TI20072;Prio 1- 1 W7610-3 Zeeburg;10;8;11#i0;-0.39;;-0.39;-0.39;-0.39;99;6;200;2.5;;manual;20.0;cm tov WP;;manual;41.0;cm tov WP;;manual;;20.0;-0.5900000000000001;-0.8;41.0;;2020-03-13T10:55:04.449Z;;;;;;;;;;;;4326.0;;2020-03-13T10:55:04.449Z
TI20072;Prio 1- 1 W7610-3 Zeeburg;10;9;11#i0;-0.39;;-0.39;-0.39;-0.39;99;6;200;2.6;;manual;17.0;cm tov WP;;manual;29.0;cm tov WP;;manual;;17.0;-0.56;-0.6799999999999999;29.0;;2020-03-13T10:55:18.019Z;;;;;;;;;;;;4326.0;;2020-03-13T10:55:18.019Z
TI20072;Prio 1- 1 W7610-3 Zeeburg;10;10;11#i0;-0.39;;-0.39;-0.39;-0.39;22R;;;2.7;0.02;gps;-0.39;mNAP;0.02;gps;;mNAP;;;;0;-0.39;-0.39;0;;2020-03-13T10:52:38.291Z;;2.0;0.07006;126032.317;486956.561;1.6753224664649826;4.961862588333333;52.369724375000004;44.625;0.01;0.02;4326.0;-0.3947375335350174;2020-03-13T10:52:38.291Z
TI20072;Prio 1- 1 W7610-3 Zeeburg;10;11;11#i0;-0.39;;-0.39;-0.39;-0.39;2;;78;2.907;0.02;gps;-0.04;mNAP;0.02;gps;;mNAP;;;;-35;-0.04;;;;2020-03-13T10:53:00.465Z;;2.0;0.07006;126032.409;486956.746;2.0343253858193924;4.961863926666666;52.36972604333334;44.984;0.01;0.02;4326.0;-0.035734614180607624;2020-03-13T10:53:00.465Z
TI20072;Prio 1- 1 W7610-3 Zeeburg;10;12;11#i0;-0.39;;-0.39;-0.39;-0.39;2;2;78;3.252;0.02;gps;0.21;mNAP;0.02;gps;;mNAP;;;;-60;0.21;;;;2020-03-13T10:53:06.171Z;;2.0;0.07006;126032.058;486957.049;2.27932846612694;4.961858739999999;52.36972874166666;45.229;0.01;0.02;4326.0;0.20926846612694017;2020-03-13T10:53:06.171Z
TI20072;Prio 1- 1 W7610-3 Zeeburg;1;0;12#i0;-0.39;;-0.39;-0.39;0.1;1;1;72;-1.996;0.03;gps;0.14;mNAP;0.03;gps;;mNAP;;;Parkeerplaats;-53;0.14;;;;2020-03-13T10:09:44.370Z;;2.0;0.07006;126015.638;487156.476;2.2080852124752672;4.961600458333334;52.37152020166666;45.155;0.01;0.03;4326.0;0.13802521247526722;2020-03-13T10:09:54.591Z
TI20072;Prio 1- 1 W7610-3 Zeeburg;1;1;12#i0;-0.39;;-0.39;-0.39;0.1;1;;52;-1.445;0.02;gps;0.03;mNAP;0.02;gps;;mNAP;;;;-42;0.03;;;;2020-03-13T10:10:07.621Z;;2.0;0.07006;126015.09;487156.535;2.1000841842272697;4.961592408333333;52.371520704999995;45.047;0.01;0.02;4326.0;0.030024184227269726;2020-03-13T10:10:07.621Z
TI20072;Prio 1- 1 W7610-3 Zeeburg;1;2;12#i0;-0.39;;-0.39;-0.39;0.1;1;;200;-0.584;0.02;gps;-0.17;mNAP;0.02;gps;;mNAP;;;;-22;-0.17;;;;2020-03-13T10:10:22.467Z;;2.0;0.07006;126014.231;487156.588;1.9020820058710646;4.961579791666667;52.37152113333333;44.849;0.01;0.02;4326.0;-0.16797799412893544;2020-03-13T10:10:22.467Z
TI20072;Prio 1- 1 W7610-3 Zeeburg;1;3;12#i0;-0.39;;-0.39;-0.39;0.1;22L;;200;0.0;0.02;gps;-0.39;mNAP;0.02;gps;;mNAP;;;;0;-0.39;-0.39;0;;2020-03-13T10:11:03.728Z;;2.0;0.07006;126013.649;487156.639;1.6830807409236632;4.96157124;52.37152155833334;44.63;0.01;0.02;4326.0;-0.3869792590763368;2020-03-13T10:11:03.728Z
TI20072;Prio 1- 1 W7610-3 Zeeburg;1;4;12#i0;-0.39;;-0.39;-0.39;0.1;99;5;200;0.1;;manual;3.0;cm tov WP;;manual;5.0;cm tov WP;;manual;;3.0;-0.42000000000000004;-0.44;5.0;;2020-03-13T10:11:46.048Z;;;;;;;;;;;;4326.0;;2020-03-13T10:11:46.048Z
TI20072;Prio 1- 1 W7610-3 Zeeburg;1;5;12#i0;-0.39;;-0.39;-0.39;0.1;99;5;200;0.5;;manual;5.0;cm tov WP;;manual;20.0;cm tov WP;;manual;;5.0;-0.44;-0.5900000000000001;20.0;;2020-03-13T10:11:55.547Z;;;;;;;;;;;;4326.0;;2020-03-13T10:11:55.547Z
TI20072;Prio 1- 1 W7610-3 Zeeburg;1;6;12#i0;-0.39;;-0.39;-0.39;0.1;99;5;200;1.0;;manual;15.0;cm tov WP;;manual;50.0;cm tov WP;;manual;;15.0;-0.54;-0.89;50.0;;2020-03-13T10:12:01.561Z;;;;;;;;;;;;4326.0;;2020-03-13T10:12:01.561Z
TI20072;Prio 1- 1 W7610-3 Zeeburg;1;7;12#i0;-0.39;;-0.39;-0.39;0.1;99;5;200;1.5;;manual;35.0;cm tov WP;;manual;81.0;cm tov WP;;manual;;35.0;-0.74;-1.2000000000000002;81.0;;2020-03-13T10:12:21.659Z;;;;;;;;;;;;4326.0;;2020-03-13T10:12:21.659Z
TI20072;Prio 1- 1 W7610-3 Zeeburg;1;8;12#i0;-0.39;;-0.39;-0.39;0.1;99;5;200;2.0;;manual;45.0;cm tov WP;;manual;105.0;cm tov WP;;manual;;45.0;-0.8400000000000001;-1.44;105.0;;2020-03-13T10:12:42.943Z;;;;;;;;;;;;4326.0;;2020-03-13T10:12:42.943Z
TI20072;Prio 1- 1 W7610-3 Zeeburg;1;9;12#i0;-0.39;;-0.39;-0.39;0.1;99;5;;3.0;;manual;48.0;cm tov WP;;manual;95.0;cm tov WP;;manual;;48.0;-0.87;-1.3399999999999999;95.0;;2020-03-13T10:13:00.664Z;;;;;;;;;;;;4326.0;;2020-03-13T10:13:00.664Z
TI20072;Prio 1- 1 W7610-3 Zeeburg;1;10;12#i0;-0.39;;-0.39;-0.39;0.1;99;5;;4.0;;manual;46.0;cm tov WP;;manual;95.0;cm tov WP;;manual;;46.0;-0.8500000000000001;-1.3399999999999999;95.0;;2020-03-13T10:15:13.554Z;;;;;;;;;;;;4326.0;;2020-03-13T10:15:13.554Z
TI20072;Prio 1- 1 W7610-3 Zeeburg;1;11;12#i0;-0.39;;-0.39;-0.39;0.1;99;5;;5.0;;manual;42.0;cm tov WP;;manual;95.0;cm tov WP;;manual;;42.0;-0.81;-1.3399999999999999;95.0;;2020-03-13T10:15:29.616Z;;;;;;;;;;;;4326.0;;2020-03-13T10:15:29.616Z
TI20072;Prio 1- 1 W7610-3 Zeeburg;1;12;12#i0;-0.39;;-0.39;-0.39;0.1;99;5;;7.0;;manual;35.0;cm tov WP;;manual;90.0;cm tov WP;;manual;;35.0;-0.74;-1.29;90.0;;2020-03-13T10:15:50.454Z;;;;;;;;;;;;4326.0;;2020-03-13T10:15:50.454Z
TI20072;Prio 1- 1 W7610-3 Zeeburg;1;13;12#i0;-0.39;;-0.39;-0.39;0.1;99;5;;9.0;;manual;35.0;cm tov WP;;manual;95.0;cm tov WP;;manual;;35.0;-0.74;-1.3399999999999999;95.0;;2020-03-13T10:16:06.860Z;;;;;;;;;;;;4326.0;;2020-03-13T10:16:06.860Z
TI20072;Prio 1- 1 W7610-3 Zeeburg;1;14;12#i0;-0.39;;-0.39;-0.39;0.1;99;7;;11.0;;manual;37.0;cm tov WP;;manual;88.0;cm tov WP;;manual;;37.0;-0.76;-1.27;88.0;;2020-03-13T10:16:27.203Z;;;;;;;;;;;;4326.0;;2020-03-13T10:16:27.203Z
TI20072;Prio 1- 1 W7610-3 Zeeburg;1;15;12#i0;-0.39;;-0.39;-0.39;0.1;99;6;;13.0;;manual;38.0;cm tov WP;;manual;85.0;cm tov WP;;manual;;38.0;-0.77;-1.24;85.0;;2020-03-13T10:16:41.943Z;;;;;;;;;;;;4326.0;;2020-03-13T10:16:41.943Z
TI20072;Prio 1- 1 W7610-3 Zeeburg;1;16;12#i0;-0.39;;-0.39;-0.39;0.1;99;6;;15.0;;manual;40.0;cm tov WP;;manual;85.0;cm tov WP;;manual;;40.0;-0.79;-1.24;85.0;;2020-03-13T10:16:57.190Z;;;;;;;;;;;;4326.0;;2020-03-13T10:16:57.190Z
TI20072;Prio 1- 1 W7610-3 Zeeburg;1;17;12#i0;-0.39;;-0.39;-0.39;0.1;99;6;;16.0;;manual;38.0;cm tov WP;;manual;88.0;cm tov WP;;manual;;38.0;-0.77;-1.27;88.0;;2020-03-13T10:17:30.299Z;;;;;;;;;;;;4326.0;;2020-03-13T10:17:40.302Z
TI20072;Prio 1- 1 W7610-3 Zeeburg;1;18;12#i0;-0.39;;-0.39;-0.39;0.1;99;6;;17.0;;manual;38.0;cm tov WP;;manual;95.0;cm tov WP;;manual;;38.0;-0.77;-1.3399999999999999;95.0;;2020-03-13T10:17:56.176Z;;;;;;;;;;;;4326.0;;2020-03-13T10:17:56.176Z
TI20072;Prio 1- 1 W7610-3 Zeeburg;1;19;12#i0;-0.39;;-0.39;-0.39;0.1;99;6;;18.0;;manual;37.0;cm tov WP;;manual;90.0;cm tov WP;;manual;;37.0;-0.76;-1.29;90.0;;2020-03-13T10:18:04.349Z;;;;;;;;;;;;4326.0;;2020-03-13T10:18:04.349Z
TI20072;Prio 1- 1 W7610-3 Zeeburg;1;20;12#i0;-0.39;;-0.39;-0.39;0.1;99;6;;18.5;;manual;35.0;cm tov WP;;manual;85.0;cm tov WP;;manual;;35.0;-0.74;-1.24;85.0;;2020-03-13T10:18:20.754Z;;;;;;;;;;;;4326.0;;2020-03-13T10:18:20.754Z
TI20072;Prio 1- 1 W7610-3 Zeeburg;1;21;12#i0;-0.39;;-0.39;-0.39;0.1;99;6;200;19.0;;manual;25.0;cm tov WP;;manual;65.0;cm tov WP;;manual;;25.0;-0.64;-1.04;65.0;;2020-03-13T10:18:29.597Z;;;;;;;;;;;;4326.0;;2020-03-13T10:18:29.597Z
TI20072;Prio 1- 1 W7610-3 Zeeburg;1;22;12#i0;-0.39;;-0.39;-0.39;0.1;99;6;200;19.5;;manual;25.0;cm tov WP;;manual;55.0;cm tov WP;;manual;;25.0;-0.64;-0.9400000000000001;55.0;;2020-03-13T10:18:36.957Z;;;;;;;;;;;;4326.0;;2020-03-13T10:18:36.957Z
TI20072;Prio 1- 1 W7610-3 Zeeburg;1;23;12#i0;-0.39;;-0.39;-0.39;0.1;99;6;200;20.0;;manual;13.0;cm tov WP;;manual;40.0;cm tov WP;;manual;;13.0;-0.52;-0.79;40.0;;2020-03-13T10:18:54.194Z;;;;;;;;;;;;4326.0;;2020-03-13T10:18:54.194Z
TI20072;Prio 1- 1 W7610-3 Zeeburg;1;24;12#i0;-0.39;;-0.39;-0.39;0.1;99;6;200;20.6;;manual;5.0;cm tov WP;;manual;15.0;cm tov WP;;manual;;5.0;-0.44;-0.54;15.0;;2020-03-13T10:19:27.318Z;;;;;;;;;;;;4326.0;;2020-03-13T10:19:27.318Z
TI20072;Prio 1- 1 W7610-3 Zeeburg;1;25;12#i0;-0.39;;-0.39;-0.39;0.1;22R;;;20.7;0.27;gps;0.1;mNAP;0.27;gps;;mNAP;;;;0;-0.39;-0.39;0;;2020-03-13T10:14:52.594Z;;2.0;0.07006;125993.701;487156.927;2.168016908000957;4.96127831;52.3715231;45.115;0.31;0.27;4326.0;0.09795690800095681;2020-03-13T10:14:52.594Z
TI20072;Prio 1- 1 W7610-3 Zeeburg;1;26;12#i0;-0.39;;-0.39;-0.39;0.1;2;;200;20.8;;manual;-10.0;cm tov WP;;manual;;mNAP;;;;-10.0;-0.29000000000000004;;;;2020-03-13T10:21:41.428Z;;;;;;;;;;;;4326.0;;2020-03-13T10:21:41.428Z
TI20072;Prio 1- 1 W7610-3 Zeeburg;1;27;12#i0;-0.39;;-0.39;-0.39;0.1;2;2;78;23.0;;manual;-60.0;cm tov WP;;manual;;mNAP;;;;-60.0;0.20999999999999996;;;;2020-03-13T10:22:31.433Z;;;;;;;;;;;;4326.0;;2020-03-13T10:22:31.433Z
TI20072;Prio 1- 1 W7610-3 Zeeburg;15;0;13#i0;-0.39;;-0.39;-0.37;-0.42;1;1;78;-0.673;0.02;gps;0.0;mNAP;0.02;gps;;mNAP;;;;-39;0.0;;;;2020-03-13T10:25:12.709Z;;2.0;0.07006;126014.708;487135.383;2.0677845314573693;4.96158862;52.37133058333334;45.015;0.01;0.02;4326.0;-0.002275468542630707;2020-03-13T10:25:12.709Z
TI20072;Prio 1- 1 W7610-3 Zeeburg;15;1;13#i0;-0.39;;-0.39;-0.37;-0.42;1;;200;-0.315;0.02;gps;-0.19;mNAP;0.02;gps;;mNAP;;;;-20;-0.19;;;;2020-03-13T10:25:30.612Z;;2.0;0.07006;126014.328;487135.474;1.8817845173488825;4.961583023333334;52.37133137833333;44.829;0.01;0.02;4326.0;-0.1882754826511175;2020-03-13T10:25:30.612Z
TI20072;Prio 1- 1 W7610-3 Zeeburg;15;2;13#i0;-0.39;;-0.39;-0.37;-0.42;22L;;200;0.0;0.02;gps;-0.37;mNAP;0.02;gps;;mNAP;;;;0;-0.39;-0.39;0;;2020-03-13T10:25:52.323Z;;2.0;0.07006;126014.036;487135.355;1.7027818486233093;4.961578755000001;52.37133029333333;44.65;0.01;0.02;4326.0;-0.36727815137669073;2020-03-13T10:25:52.323Z
TI20072;Prio 1- 1 W7610-3 Zeeburg;15;3;13#i0;-0.39;;-0.39;-0.37;-0.42;99;5;200;0.1;;manual;5.0;cm tov WP;;manual;11.0;cm tov WP;;manual;;5.0;-0.44;-0.5;11.0;;2020-03-13T10:26:21.118Z;;;;;;;;;;;;4326.0;;2020-03-13T10:26:21.118Z
TI20072;Prio 1- 1 W7610-3 Zeeburg;15;4;13#i0;-0.39;;-0.39;-0.37;-0.42;99;5;200;0.5;;manual;36.0;cm tov WP;;manual;61.0;cm tov WP;;manual;;36.0;-0.75;-1.0;61.0;;2020-03-13T10:26:24.682Z;;;;;;;;;;;;4326.0;;2020-03-13T10:26:24.682Z
TI20072;Prio 1- 1 W7610-3 Zeeburg;15;5;13#i0;-0.39;;-0.39;-0.37;-0.42;99;5;;1.0;;manual;55.0;cm tov WP;;manual;93.0;cm tov WP;;manual;;55.0;-0.9400000000000001;-1.32;93.0;;2020-03-13T10:26:34.257Z;;;;;;;;;;;;4326.0;;2020-03-13T10:26:34.257Z
TI20072;Prio 1- 1 W7610-3 Zeeburg;15;6;13#i0;-0.39;;-0.39;-0.37;-0.42;99;5;;1.5;;manual;60.0;cm tov WP;;manual;122.0;cm tov WP;;manual;;60.0;-0.99;-1.6099999999999999;122.0;;2020-03-13T10:26:45.721Z;;;;;;;;;;;;4326.0;;2020-03-13T10:26:45.721Z
TI20072;Prio 1- 1 W7610-3 Zeeburg;15;7;13#i0;-0.39;;-0.39;-0.37;-0.42;99;5;;2.0;;manual;64.0;cm tov WP;;manual;123.0;cm tov WP;;manual;;64.0;-1.03;-1.62;123.0;;2020-03-13T10:26:54.313Z;;;;;;;;;;;;4326.0;;2020-03-13T10:26:54.313Z
TI20072;Prio 1- 1 W7610-3 Zeeburg;15;8;13#i0;-0.39;;-0.39;-0.37;-0.42;99;7;;2.5;;manual;61.0;cm tov WP;;manual;105.0;cm tov WP;;manual;;61.0;-1.0;-1.44;105.0;;2020-03-13T10:27:01.735Z;;;;;;;;;;;;4326.0;;2020-03-13T10:27:01.735Z
TI20072;Prio 1- 1 W7610-3 Zeeburg;15;9;13#i0;-0.39;;-0.39;-0.37;-0.42;99;6;;3.0;;manual;60.0;cm tov WP;;manual;96.0;cm tov WP;;manual;;60.0;-0.99;-1.35;96.0;;2020-03-13T10:27:10.633Z;;;;;;;;;;;;4326.0;;2020-03-13T10:27:10.633Z
TI20072;Prio 1- 1 W7610-3 Zeeburg;15;10;13#i0;-0.39;;-0.39;-0.37;-0.42;99;6;;3.5;;manual;53.0;cm tov WP;;manual;79.0;cm tov WP;;manual;;53.0;-0.92;-1.1800000000000002;79.0;;2020-03-13T10:27:22.424Z;;;;;;;;;;;;4326.0;;2020-03-13T10:27:22.424Z
TI20072;Prio 1- 1 W7610-3 Zeeburg;15;11;13#i0;-0.39;;-0.39;-0.37;-0.42;99;6;200;4.0;;manual;25.0;cm tov WP;;manual;29.0;cm tov WP;;manual;;25.0;-0.64;-0.6799999999999999;29.0;;2020-03-13T10:27:35.937Z;;;;;;;;;;;;4326.0;;2020-03-13T10:27:35.938Z
TI20072;Prio 1- 1 W7610-3 Zeeburg;15;12;13#i0;-0.39;;-0.39;-0.37;-0.42;22R;;200;4.5;0.03;gps;-0.42;mNAP;0.03;gps;;mNAP;;;;0;-0.39;-0.39;0;;2020-03-13T10:28:32.767Z;;2.0;0.07006;126009.742;487135.708;1.651772236792218;4.961515678333333;52.37133324;44.599;0.01;0.03;4326.0;-0.41828776320778194;2020-03-13T10:28:32.767Z
TI20072;Prio 1- 1 W7610-3 Zeeburg;15;13;13#i0;-0.39;;-0.39;-0.37;-0.42;2;;200;4.6;;manual;-12.0;cm tov WP;;manual;;mNAP;;;;-12.0;-0.27;;;;2020-03-13T10:28:53.618Z;;;;;;;;;;;;4326.0;;2020-03-13T10:28:53.619Z
TI20072;Prio 1- 1 W7610-3 Zeeburg;15;14;13#i0;-0.39;;-0.39;-0.37;-0.42;2;2;78;6.0;;manual;-60.0;cm tov WP;;manual;;mNAP;;;;-60.0;0.20999999999999996;;;;2020-03-13T10:29:37.026Z;;;;;;;;;;;;4326.0;;2020-03-13T10:29:37.026Z
TI20072;Prio 1- 1 W7610-3 Zeeburg;6;0;14#i0;-0.39;;-0.39;-0.39;-0.41;1;1;52;-1.222;0.02;gps;0.28;mNAP;0.02;gps;;mNAP;;;;-67;0.28;;;;2020-03-13T10:32:03.561Z;;2.0;0.07006;126015.22;487085.989;2.3470896515476474;4.961600401666667;52.37088668333334;45.295;0.01;0.02;4326.0;0.27702965154764736;2020-03-13T10:32:03.562Z
TI20072;Prio 1- 1 W7610-3 Zeeburg;6;1;14#i0;-0.39;;-0.39;-0.39;-0.41;1;;78;-0.726;0.02;gps;0.09;mNAP;0.02;gps;;mNAP;;;;-48;0.09;;;;2020-03-13T10:32:22.154Z;;2.0;0.07006;126014.728;487086.119;2.1570898172288073;4.961593158333333;52.37088782666667;45.105;0.01;0.02;4326.0;0.08702981722880733;2020-03-13T10:32:22.154Z
TI20072;Prio 1- 1 W7610-3 Zeeburg;6;2;14#i0;-0.39;;-0.39;-0.39;-0.41;1;;78;-0.102;0.02;gps;-0.07;mNAP;0.02;gps;;mNAP;;;;-32;-0.07;;;;2020-03-13T10:32:30.333Z;;2.0;0.07006;126014.102;487086.066;2.002086956919533;4.9615839783333335;52.37088732166667;44.95;0.01;0.02;4326.0;-0.0679730430804668;2020-03-13T10:32:30.333Z
TI20072;Prio 1- 1 W7610-3 Zeeburg;6;3;14#i0;-0.39;;-0.39;-0.39;-0.41;22L;;78;0.0;0.02;gps;-0.39;mNAP;0.02;gps;;mNAP;;;;0;-0.39;-0.39;0;;2020-03-13T10:32:38.840Z;;2.0;0.07006;126014.003;487086.086;1.6780868941762028;4.961582513333333;52.37088749166666;44.626;0.01;0.02;4326.0;-0.3919731058237972;2020-03-13T10:32:38.840Z
TI20072;Prio 1- 1 W7610-3 Zeeburg;6;4;14#i0;-0.39;;-0.39;-0.39;-0.41;99;5;;0.1;;manual;15.0;cm tov WP;;manual;25.0;cm tov WP;;manual;;15.0;-0.54;-0.64;25.0;;2020-03-13T10:33:07.462Z;;;;;;;;;;;;4326.0;;2020-03-13T10:33:07.462Z
TI20072;Prio 1- 1 W7610-3 Zeeburg;6;5;14#i0;-0.39;;-0.39;-0.39;-0.41;99;5;;0.5;;manual;32.0;cm tov WP;;manual;60.0;cm tov WP;;manual;;32.0;-0.71;-0.99;60.0;;2020-03-13T10:33:13.325Z;;;;;;;;;;;;4326.0;;2020-03-13T10:33:13.325Z
TI20072;Prio 1- 1 W7610-3 Zeeburg;6;6;14#i0;-0.39;;-0.39;-0.39;-0.41;99;5;;1.0;;manual;35.0;cm tov WP;;manual;95.0;cm tov WP;;manual;;35.0;-0.74;-1.3399999999999999;95.0;;2020-03-13T10:33:21.359Z;;;;;;;;;;;;4326.0;;2020-03-13T10:33:21.359Z
TI20072;Prio 1- 1 W7610-3 Zeeburg;6;7;14#i0;-0.39;;-0.39;-0.39;-0.41;99;5;;1.5;;manual;35.0;cm tov WP;;manual;100.0;cm tov WP;;manual;;35.0;-0.74;-1.3900000000000001;100.0;;2020-03-13T10:33:30.972Z;;;;;;;;;;;;4326.0;;2020-03-13T10:33:30.972Z
TI20072;Prio 1- 1 W7610-3 Zeeburg;6;8;14#i0;-0.39;;-0.39;-0.39;-0.41;99;7;;2.0;;manual;38.0;cm tov WP;;manual;102.0;cm tov WP;;manual;;38.0;-0.77;-1.4100000000000001;102.0;;2020-03-13T10:33:45.853Z;;;;;;;;;;;;4326.0;;2020-03-13T10:33:45.853Z
TI20072;Prio 1- 1 W7610-3 Zeeburg;6;9;14#i0;-0.39;;-0.39;-0.39;-0.41;99;6;;2.5;;manual;40.0;cm tov WP;;manual;101.0;cm tov WP;;manual;;40.0;-0.79;-1.4;101.0;;2020-03-13T10:34:02.193Z;;;;;;;;;;;;4326.0;;2020-03-13T10:34:26.223Z
TI20072;Prio 1- 1 W7610-3 Zeeburg;6;10;14#i0;-0.39;;-0.39;-0.39;-0.41;99;6;;3.0;;manual;36.0;cm tov WP;;manual;102.0;cm tov WP;;manual;;36.0;-0.75;-1.4100000000000001;102.0;;2020-03-13T10:34:11.736Z;;;;;;;;;;;;4326.0;;2020-03-13T10:34:11.736Z
TI20072;Prio 1- 1 W7610-3 Zeeburg;6;11;14#i0;-0.39;;-0.39;-0.39;-0.41;99;6;200;3.5;;manual;27.0;cm tov WP;;manual;72.0;cm tov WP;;manual;;27.0;-0.66;-1.1099999999999999;72.0;;2020-03-13T10:34:43.553Z;;;;;;;;;;;;4326.0;;2020-03-13T10:34:43.553Z
TI20072;Prio 1- 1 W7610-3 Zeeburg;6;12;14#i0;-0.39;;-0.39;-0.39;-0.41;99;6;200;4.0;;manual;21.0;cm tov WP;;manual;35.0;cm tov WP;;manual;;21.0;-0.6;-0.74;35.0;;2020-03-13T10:34:51.304Z;;;;;;;;;;;;4326.0;;2020-03-13T10:34:51.304Z
TI20072;Prio 1- 1 W7610-3 Zeeburg;6;13;14#i0;-0.39;;-0.39;-0.39;-0.41;99;6;200;4.3;;manual;5.0;cm tov WP;;manual;8.0;cm tov WP;;manual;;5.0;-0.44;-0.47000000000000003;8.0;;2020-03-13T10:35:20.885Z;;;;;;;;;;;;4326.0;;2020-03-13T10:35:20.885Z
TI20072;Prio 1- 1 W7610-3 Zeeburg;6;14;14#i0;-0.39;;-0.39;-0.39;-0.41;22R;;200;4.4;0.03;gps;-0.41;mNAP;0.03;gps;;mNAP;;;;0;-0.39;-0.39;0;;2020-03-13T10:35:59.157Z;;2.0;0.07006;126010.22;487086.009;1.6630729956401913;4.961526978333334;52.370886605;44.611;0.01;0.03;4326.0;-0.4069870043598087;2020-03-13T10:35:59.157Z
TI20072;Prio 1- 1 W7610-3 Zeeburg;6;15;14#i0;-0.39;;-0.39;-0.39;-0.41;2;;78;4.6;;manual;-18.0;cm tov WP;;manual;;mNAP;;;;-18.0;-0.21000000000000002;;;;2020-03-13T10:36:23.598Z;;;;;;;;;;;;4326.0;;2020-03-13T10:36:23.598Z
TI20072;Prio 1- 1 W7610-3 Zeeburg;6;16;14#i0;-0.39;;-0.39;-0.39;-0.41;2;2;78;6.0;;manual;-65.0;cm tov WP;;manual;;mNAP;;;;-65.0;0.26;;;;2020-03-13T10:36:49.365Z;;;;;;;;;;;;4326.0;;2020-03-13T10:36:49.365Z
TI20072;Prio 1- 1 W7610-3 Zeeburg;22;0;15#i0;-0.39;;-0.39;-0.4;-0.42;1;1;78;-1.761;0.02;gps;0.45;mNAP;0.02;gps;;mNAP;;;;-84;0.45;;;;2020-03-13T10:39:45.396Z;;2.0;0.07006;126015.8;487046.61;2.52053635015207;4.961612313333333;52.370532804999996;45.469;0.01;0.02;4326.0;0.4504763501520699;2020-03-13T10:39:45.396Z
TI20072;Prio 1- 1 W7610-3 Zeeburg;22;1;15#i0;-0.39;;-0.39;-0.4;-0.42;1;;78;-0.699;0.02;gps;0.17;mNAP;0.02;gps;;mNAP;;;;-56;0.17;;;;2020-03-13T10:39:37.917Z;;2.0;0.07006;126014.731;487046.473;2.2435308071252456;4.961596625;52.37053152;45.192;0.01;0.02;4326.0;0.17347080712524554;2020-03-13T10:39:37.917Z
TI20072;Prio 1- 1 W7610-3 Zeeburg;22;2;15#i0;-0.39;;-0.39;-0.4;-0.42;1;;78;-0.102;0.02;gps;-0.12;mNAP;0.02;gps;;mNAP;;;;-27;-0.12;;;;2020-03-13T10:39:26.789Z;;2.0;0.07006;126014.106;487046.657;1.9455312769826696;4.961587435;52.370533133333325;44.894;0.01;0.02;4326.0;-0.12452872301733041;2020-03-13T10:39:26.789Z
TI20072;Prio 1- 1 W7610-3 Zeeburg;22;3;15#i0;-0.39;;-0.39;-0.4;-0.42;22L;;;0.0;0.02;gps;-0.4;mNAP;0.02;gps;;mNAP;;;;0;-0.39;-0.39;0;;2020-03-13T10:39:07.820Z;;2.0;0.07006;126014.04;487046.579;1.6695299552786045;4.96158647;52.370532430000004;44.618;0.01;0.02;4326.0;-0.40053004472139553;2020-03-13T10:39:07.820Z
TI20072;Prio 1- 1 W7610-3 Zeeburg;22;4;15#i0;-0.39;;-0.39;-0.4;-0.42;99;5;;0.1;;manual;28.0;cm tov WP;;manual;31.0;cm tov WP;;manual;;28.0;-0.67;-0.7;31.0;;2020-03-13T10:40:08.551Z;;;;;;;;;;;;4326.0;;2020-03-13T10:40:08.551Z
TI20072;Prio 1- 1 W7610-3 Zeeburg;22;5;15#i0;-0.39;;-0.39;-0.4;-0.42;99;5;;0.5;;manual;50.0;cm tov WP;;manual;75.0;cm tov WP;;manual;;50.0;-0.89;-1.1400000000000001;75.0;;2020-03-13T10:40:14.881Z;;;;;;;;;;;;4326.0;;2020-03-13T10:40:34.396Z
TI20072;Prio 1- 1 W7610-3 Zeeburg;22;6;15#i0;-0.39;;-0.39;-0.4;-0.42;99;5;;1.0;;manual;50.0;cm tov WP;;manual;82.0;cm tov WP;;manual;;50.0;-0.89;-1.21;82.0;;2020-03-13T10:40:40.518Z;;;;;;;;;;;;4326.0;;2020-03-13T10:40:40.518Z
TI20072;Prio 1- 1 W7610-3 Zeeburg;22;7;15#i0;-0.39;;-0.39;-0.4;-0.42;99;7;;1.5;;manual;52.0;cm tov WP;;manual;114.0;cm tov WP;;manual;;52.0;-0.91;-1.5299999999999998;114.0;;2020-03-13T10:40:43.599Z;;;;;;;;;;;;4326.0;;2020-03-13T10:40:43.599Z
TI20072;Prio 1- 1 W7610-3 Zeeburg;22;8;15#i0;-0.39;;-0.39;-0.4;-0.42;99;6;;2.0;;manual;50.0;cm tov WP;;manual;102.0;cm tov WP;;manual;;50.0;-0.89;-1.4100000000000001;102.0;;2020-03-13T10:40:51.577Z;;;;;;;;;;;;4326.0;;2020-03-13T10:40:51.577Z
TI20072;Prio 1- 1 W7610-3 Zeeburg;22;9;15#i0;-0.39;;-0.39;-0.4;-0.42;99;6;;2.5;;manual;48.0;cm tov WP;;manual;95.0;cm tov WP;;manual;;48.0;-0.87;-1.3399999999999999;95.0;;2020-03-13T10:41:56.690Z;;;;;;;;;;;;4326.0;;2020-03-13T10:41:56.690Z
TI20072;Prio 1- 1 W7610-3 Zeeburg;22;10;15#i0;-0.39;;-0.39;-0.4;-0.42;99;6;;3.0;;manual;45.0;cm tov WP;;manual;65.0;cm tov WP;;manual;;45.0;-0.8400000000000001;-1.04;65.0;;2020-03-13T10:42:04.259Z;;;;;;;;;;;;4326.0;;2020-03-13T10:42:04.259Z
TI20072;Prio 1- 1 W7610-3 Zeeburg;22;11;15#i0;-0.39;;-0.39;-0.4;-0.42;99;6;;3.2;;manual;40.0;cm tov WP;;manual;50.0;cm tov WP;;manual;;40.0;-0.79;-0.89;50.0;;2020-03-13T10:42:16.959Z;;;;;;;;;;;;4326.0;;2020-03-13T10:42:16.959Z
TI20072;Prio 1- 1 W7610-3 Zeeburg;22;12;15#i0;-0.39;;-0.39;-0.4;-0.42;22R;;;3.3;0.02;gps;-0.42;mNAP;0.02;gps;;mNAP;;;;0;-0.39;-0.39;0;;2020-03-13T10:41:19.747Z;;2.0;0.07006;126010.989;487046.92;1.649524442921872;4.961541638333333;52.37053533333333;44.598;0.01;0.02;4326.0;-0.42053555707812795;2020-03-13T10:41:19.747Z
TI20072;Prio 1- 1 W7610-3 Zeeburg;22;13;15#i0;-0.39;;-0.39;-0.4;-0.42;2;2;30;3.31;;manual;4.0;cm tov WP;;manual;;cm tov WP;;manual;Beschoeing onder water;4.0;-0.43;-0.43;4.0;;2020-03-13T10:42:45.667Z;;;;;;;;;;;;4326.0;;2020-03-13T10:43:03.471Z
TI20072;Prio 1- 1 W7610-3 Zeeburg;14;0;16#i0;-0.39;;-0.39;-0.39;-0.41;1;1;78;-1.299;0.03;gps;0.42;mNAP;0.03;gps;;mNAP;;;;-81;0.42;;;;2020-03-13T10:45:49.706Z;;2.0;0.07006;126014.803;486995.943;2.492818665855821;4.961602031666667;52.370077386666665;45.442;0.01;0.03;4326.0;0.4227586658558209;2020-03-13T10:45:49.706Z
TI20072;Prio 1- 1 W7610-3 Zeeburg;14;1;16#i0;-0.39;;-0.39;-0.39;-0.41;1;;78;-0.6;;manual;-80.0;cm tov WP;;manual;;mNAP;;;;-80.0;0.41000000000000003;;;;2020-03-13T10:49:57.924Z;;;;;;;;;;;;4326.0;;2020-03-13T10:50:32.843Z
TI20072;Prio 1- 1 W7610-3 Zeeburg;14;2;16#i0;-0.39;;-0.39;-0.39;-0.41;1;;78;-0.161;0.02;gps;0.0;mNAP;0.02;gps;;mNAP;;;;-39;0.0;;;;2020-03-13T10:45:35.798Z;;2.0;0.07006;126013.662;486995.769;2.0738123609207184;4.961585293333333;52.37007575999999;45.023;0.01;0.02;4326.0;0.0037523609207184144;2020-03-13T10:45:35.798Z
TI20072;Prio 1- 1 W7610-3 Zeeburg;14;3;16#i0;-0.39;;-0.39;-0.39;-0.41;22L;;;0.0;0.02;gps;-0.39;mNAP;0.02;gps;;mNAP;;;;0;-0.39;-0.39;0;;2020-03-13T10:45:21.343Z;;2.0;0.07006;126013.509;486995.821;1.6788125920085966;4.961583053333333;52.37007622666667;44.628;0.01;0.02;4326.0;-0.39124740799140345;2020-03-13T10:45:21.343Z
TI20072;Prio 1- 1 W7610-3 Zeeburg;14;4;16#i0;-0.39;;-0.39;-0.39;-0.41;99;5;;0.1;;manual;18.0;cm tov WP;;manual;25.0;cm tov WP;;manual;;18.0;-0.5700000000000001;-0.64;25.0;;2020-03-13T10:46:33.146Z;;;;;;;;;;;;4326.0;;2020-03-13T10:46:33.146Z
TI20072;Prio 1- 1 W7610-3 Zeeburg;14;5;16#i0;-0.39;;-0.39;-0.39;-0.41;99;5;;0.5;;manual;35.0;cm tov WP;;manual;41.0;cm tov WP;;manual;;35.0;-0.74;-0.8;41.0;;2020-03-13T10:46:38.956Z;;;;;;;;;;;;4326.0;;2020-03-13T10:46:38.956Z
TI20072;Prio 1- 1 W7610-3 Zeeburg;14;6;16#i0;-0.39;;-0.39;-0.39;-0.41;99;5;;1.0;;manual;38.0;cm tov WP;;manual;70.0;cm tov WP;;manual;;38.0;-0.77;-1.0899999999999999;70.0;;2020-03-13T10:46:46.940Z;;;;;;;;;;;;4326.0;;2020-03-13T10:46:46.940Z
TI20072;Prio 1- 1 W7610-3 Zeeburg;14;7;16#i0;-0.39;;-0.39;-0.39;-0.41;99;7;;1.5;;manual;33.0;cm tov WP;;manual;69.0;cm tov WP;;manual;;33.0;-0.72;-1.08;69.0;;2020-03-13T10:47:00.241Z;;;;;;;;;;;;4326.0;;2020-03-13T10:47:00.241Z
TI20072;Prio 1- 1 W7610-3 Zeeburg;14;8;16#i0;-0.39;;-0.39;-0.39;-0.41;99;6;;2.0;;manual;30.0;cm tov WP;;manual;57.0;cm tov WP;;manual;;30.0;-0.69;-0.96;57.0;;2020-03-13T10:47:11.685Z;;;;;;;;;;;;4326.0;;2020-03-13T10:47:11.685Z
TI20072;Prio 1- 1 W7610-3 Zeeburg;14;9;16#i0;-0.39;;-0.39;-0.39;-0.41;99;6;;2.5;;manual;23.0;cm tov WP;;manual;30.0;cm tov WP;;manual;;23.0;-0.62;-0.69;30.0;;2020-03-13T10:47:23.589Z;;;;;;;;;;;;4326.0;;2020-03-13T10:47:23.589Z
TI20072;Prio 1- 1 W7610-3 Zeeburg;14;10;16#i0;-0.39;;-0.39;-0.39;-0.41;22R;;;2.6;0.04;gps;-0.41;mNAP;0.04;gps;;mNAP;;;;0;-0.39;-0.39;0;;2020-03-13T10:47:41.962Z;;2.0;0.07006;126011.178;486995.674;1.6558026463324387;4.961548841666667;52.370074775;44.605;0.01;0.04;4326.0;-0.41425735366756133;2020-03-13T10:47:41.962Z
TI20072;Prio 1- 1 W7610-3 Zeeburg;14;11;16#i0;-0.39;;-0.39;-0.39;-0.41;2;2;30;2.61;;manual;-27.0;cm tov WP;;manual;;mNAP;;;;-27.0;-0.12;;;;2020-03-13T10:48:21.702Z;;;;;;;;;;;;4326.0;;2020-03-13T10:48:21.702Z
TI20072;Prio 1- 1 W7610-3 Zeeburg;7;0;17#i0;-0.39;;-0.39;-0.4;-0.41;1;1;78;-0.387;0.02;gps;-0.04;mNAP;0.02;gps;;mNAP;;;;-35;-0.04;;;;2020-03-13T10:57:43.106Z;;2.0;0.07006;126014.458;486924.763;2.025814244531886;4.961603111666666;52.369437645;44.976;0.01;0.02;4326.0;-0.04424575546811414;2020-03-13T10:57:43.106Z
TI20072;Prio 1- 1 W7610-3 Zeeburg;7;1;17#i0;-0.39;;-0.39;-0.4;-0.41;1;;78;-0.071;0.02;gps;-0.13;mNAP;0.02;gps;;mNAP;;;;-26;-0.13;;;;2020-03-13T10:57:34.116Z;;2.0;0.07006;126014.142;486924.76;1.9378131406210093;4.96159847;52.36943760166667;44.888;0.01;0.02;4326.0;-0.13224685937899072;2020-03-13T10:57:34.116Z
TI20072;Prio 1- 1 W7610-3 Zeeburg;7;2;17#i0;-0.39;;-0.39;-0.4;-0.41;22L;;;0.0;0.02;gps;-0.4;mNAP;0.02;gps;;mNAP;;;;0;-0.39;-0.39;0;;2020-03-13T10:57:14.203Z;;2.0;0.07006;126014.071;486924.757;1.6698128655361364;4.961597425000001;52.369437575;44.62;0.01;0.02;4326.0;-0.4002471344638636;2020-03-13T10:57:14.203Z
TI20072;Prio 1- 1 W7610-3 Zeeburg;7;3;17#i0;-0.39;;-0.39;-0.4;-0.41;99;5;;0.1;;manual;12.0;cm tov WP;;manual;15.0;cm tov WP;;manual;;12.0;-0.51;-0.54;15.0;;2020-03-13T10:58:10.700Z;;;;;;;;;;;;4326.0;;2020-03-13T10:58:10.700Z
TI20072;Prio 1- 1 W7610-3 Zeeburg;7;4;17#i0;-0.39;;-0.39;-0.4;-0.41;99;5;;0.5;;manual;44.0;cm tov WP;;manual;65.0;cm tov WP;;manual;;44.0;-0.8300000000000001;-1.04;65.0;;2020-03-13T10:58:15.463Z;;;;;;;;;;;;4326.0;;2020-03-13T10:58:15.463Z
TI20072;Prio 1- 1 W7610-3 Zeeburg;7;5;17#i0;-0.39;;-0.39;-0.4;-0.41;99;5;;1.0;;manual;44.0;cm tov WP;;manual;88.0;cm tov WP;;manual;;44.0;-0.8300000000000001;-1.27;88.0;;2020-03-13T10:58:26.456Z;;;;;;;;;;;;4326.0;;2020-03-13T10:58:26.456Z
TI20072;Prio 1- 1 W7610-3 Zeeburg;7;6;17#i0;-0.39;;-0.39;-0.4;-0.41;99;5;;1.5;;manual;42.0;cm tov WP;;manual;93.0;cm tov WP;;manual;;42.0;-0.81;-1.32;93.0;;2020-03-13T10:58:32.647Z;;;;;;;;;;;;4326.0;;2020-03-13T10:58:32.647Z
TI20072;Prio 1- 1 W7610-3 Zeeburg;7;7;17#i0;-0.39;;-0.39;-0.4;-0.41;99;7;;2.0;;manual;42.0;cm tov WP;;manual;95.0;cm tov WP;;manual;;42.0;-0.81;-1.3399999999999999;95.0;;2020-03-13T10:58:42.308Z;;;;;;;;;;;;4326.0;;2020-03-13T10:58:42.308Z
TI20072;Prio 1- 1 W7610-3 Zeeburg;7;8;17#i0;-0.39;;-0.39;-0.4;-0.41;99;6;;2.5;;manual;40.0;cm tov WP;;manual;80.0;cm tov WP;;manual;;40.0;-0.79;-1.19;80.0;;2020-03-13T10:58:54.868Z;;;;;;;;;;;;4326.0;;2020-03-13T10:58:54.868Z
TI20072;Prio 1- 1 W7610-3 Zeeburg;7;9;17#i0;-0.39;;-0.39;-0.4;-0.41;99;6;;3.0;;manual;35.0;cm tov WP;;manual;59.0;cm tov WP;;manual;;35.0;-0.74;-0.98;59.0;;2020-03-13T10:59:05.341Z;;;;;;;;;;;;4326.0;;2020-03-13T10:59:05.341Z
TI20072;Prio 1- 1 W7610-3 Zeeburg;7;10;17#i0;-0.39;;-0.39;-0.4;-0.41;99;6;;3.5;;manual;23.0;cm tov WP;;manual;35.0;cm tov WP;;manual;;23.0;-0.62;-0.74;35.0;;2020-03-13T10:59:18.825Z;;;;;;;;;;;;4326.0;;2020-03-13T10:59:18.825Z
TI20072;Prio 1- 1 W7610-3 Zeeburg;7;11;17#i0;-0.39;;-0.39;-0.4;-0.41;99;6;;3.8;;manual;10.0;cm tov WP;;manual;12.0;cm tov WP;;manual;;10.0;-0.49;-0.51;12.0;;2020-03-13T10:59:24.960Z;;;;;;;;;;;;4326.0;;2020-03-13T10:59:24.960Z
TI20072;Prio 1- 1 W7610-3 Zeeburg;7;12;17#i0;-0.39;;-0.39;-0.4;-0.41;22R;;;3.9;0.01;gps;-0.41;mNAP;0.01;gps;;mNAP;;;;0;-0.39;-0.39;0;;2020-03-13T10:59:43.247Z;;2.0;0.07006;126010.313;486924.747;1.6618000943596405;4.961542258333334;52.36943728333334;44.612;0.01;0.01;4326.0;-0.4082599056403595;2020-03-13T10:59:43.247Z
TI20072;Prio 1- 1 W7610-3 Zeeburg;7;13;17#i0;-0.39;;-0.39;-0.4;-0.41;2;;78;4.129;0.02;gps;-0.04;mNAP;0.02;gps;;mNAP;;;;-35;-0.04;;;;2020-03-13T11:00:03.192Z;;2.0;0.07006;126010.09;486924.793;2.0298000010565707;4.961538968333333;52.36943769166666;44.98;0.01;0.02;4326.0;-0.04025999894342934;2020-03-13T11:00:03.192Z
TI20072;Prio 1- 1 W7610-3 Zeeburg;7;14;17#i0;-0.39;;-0.39;-0.4;-0.41;2;2;78;4.319;0.02;gps;0.09;mNAP;0.02;gps;;mNAP;;;;-48;0.09;;;;2020-03-13T11:00:09.310Z;;2.0;0.07006;126009.911;486924.629;2.161797080816398;4.9615363666666665;52.369436201666666;45.112;0.01;0.02;4326.0;0.09173708081639799;2020-03-13T11:00:09.310Z
TI20072;Prio 1- 1 W7610-3 Zeeburg;16;0;18#i0;-0.39;;-0.39;-0.41;-0.41;1;1;78;-0.431;0.01;gps;0.15;mNAP;0.01;gps;;mNAP;;;Berm opgehoogd op oorspronkelijke maaiveld;-54;0.15;;;1584097488740.jpg;2020-03-13T11:03:32.417Z;;2.0;0.07006;126015.036;486874.67;2.2201103082942373;4.9616159233333335;52.36898747333333;45.171;0.01;0.01;4326.0;0.15005030829423727;2020-03-13T11:05:04.373Z
TI20072;Prio 1- 1 W7610-3 Zeeburg;16;1;18#i0;-0.39;;-0.39;-0.41;-0.41;1;;78;-0.082;0.01;gps;-0.24;mNAP;0.01;gps;;mNAP;;;;-15;-0.24;;;;2020-03-13T11:02:44.664Z;;2.0;0.07006;126014.665;486874.785;1.8281106843797152;4.961610465;52.368988486666666;44.779;0.01;0.01;4326.0;-0.24194931562028477;2020-03-13T11:02:44.664Z
TI20072;Prio 1- 1 W7610-3 Zeeburg;16;2;18#i0;-0.39;;-0.39;-0.41;-0.41;22L;;;0.0;0.01;gps;-0.41;mNAP;0.01;gps;;mNAP;;;;0;-0.39;-0.39;0;;2020-03-13T11:02:33.242Z;;2.0;0.07006;126014.609;486874.724;1.6551096444194888;4.961609648333334;52.368987940000004;44.606;0.01;0.01;4326.0;-0.4149503555805112;2020-03-13T11:02:33.242Z
TI20072;Prio 1- 1 W7610-3 Zeeburg;16;3;18#i0;-0.39;;-0.39;-0.41;-0.41;99;5;;0.1;;manual;3.0;cm tov WP;;manual;5.0;cm tov WP;;manual;;3.0;-0.42000000000000004;-0.44;5.0;;2020-03-13T11:07:20.174Z;;;;;;;;;;;;4326.0;;2020-03-13T11:07:20.174Z
TI20072;Prio 1- 1 W7610-3 Zeeburg;16;4;18#i0;-0.39;;-0.39;-0.41;-0.41;99;5;;0.5;;manual;8.0;cm tov WP;;manual;20.0;cm tov WP;;manual;;8.0;-0.47000000000000003;-0.5900000000000001;20.0;;2020-03-13T11:07:24.212Z;;;;;;;;;;;;4326.0;;2020-03-13T11:07:24.212Z
TI20072;Prio 1- 1 W7610-3 Zeeburg;16;5;18#i0;-0.39;;-0.39;-0.41;-0.41;99;5;;1.0;;manual;41.0;cm tov WP;;manual;65.0;cm tov WP;;manual;;41.0;-0.8;-1.04;65.0;;2020-03-13T11:07:30.603Z;;;;;;;;;;;;4326.0;;2020-03-13T11:07:30.603Z
TI20072;Prio 1- 1 W7610-3 Zeeburg;16;6;18#i0;-0.39;;-0.39;-0.41;-0.41;99;5;;1.5;;manual;40.0;cm tov WP;;manual;92.0;cm tov WP;;manual;;40.0;-0.79;-1.31;92.0;;2020-03-13T11:07:46.824Z;;;;;;;;;;;;4326.0;;2020-03-13T11:07:46.824Z
TI20072;Prio 1- 1 W7610-3 Zeeburg;16;7;18#i0;-0.39;;-0.39;-0.41;-0.41;99;7;;2.0;;manual;37.0;cm tov WP;;manual;91.0;cm tov WP;;manual;;37.0;-0.76;-1.3;91.0;;2020-03-13T11:07:57.074Z;;;;;;;;;;;;4326.0;;2020-03-13T11:07:57.074Z
TI20072;Prio 1- 1 W7610-3 Zeeburg;16;8;18#i0;-0.39;;-0.39;-0.41;-0.41;99;6;;2.5;;manual;26.0;cm tov WP;;manual;85.0;cm tov WP;;manual;;26.0;-0.65;-1.24;85.0;;2020-03-13T11:08:12.704Z;;;;;;;;;;;;4326.0;;2020-03-13T11:08:12.704Z
TI20072;Prio 1- 1 W7610-3 Zeeburg;16;9;18#i0;-0.39;;-0.39;-0.41;-0.41;99;6;;3.0;;manual;18.0;cm tov WP;;manual;51.0;cm tov WP;;manual;;18.0;-0.5700000000000001;-0.9;51.0;;2020-03-13T11:08:19.737Z;;;;;;;;;;;;4326.0;;2020-03-13T11:08:19.737Z
TI20072;Prio 1- 1 W7610-3 Zeeburg;16;10;18#i0;-0.39;;-0.39;-0.41;-0.41;99;6;200;3.4;;manual;8.0;cm tov WP;;manual;11.0;cm tov WP;;manual;;8.0;-0.47000000000000003;-0.5;11.0;;2020-03-13T11:08:39.899Z;;;;;;;;;;;;4326.0;;2020-03-13T11:08:39.899Z
TI20072;Prio 1- 1 W7610-3 Zeeburg;16;11;18#i0;-0.39;;-0.39;-0.41;-0.41;22R;;200;3.5;0.02;gps;-0.41;mNAP;0.02;gps;;mNAP;;;;0;-0.39;-0.39;0;;2020-03-13T11:05:57.509Z;;2.0;0.07006;126011.106;486874.495;1.6570946780789262;4.96155823;52.36898569666667;44.608;0.01;0.02;4326.0;-0.4129653219210738;2020-03-13T11:05:57.509Z
TI20072;Prio 1- 1 W7610-3 Zeeburg;16;12;18#i0;-0.39;;-0.39;-0.41;-0.41;2;;200;3.817;0.02;gps;-0.21;mNAP;0.02;gps;;mNAP;;;;-18;-0.21;;;;2020-03-13T11:06:38.773Z;;2.0;0.07006;126010.79;486874.469;1.855093245619499;4.961553593333333;52.36898544166667;44.806;0.01;0.02;4326.0;-0.21496675438050095;2020-03-13T11:06:38.773Z
TI20072;Prio 1- 1 W7610-3 Zeeburg;16;13;18#i0;-0.39;;-0.39;-0.41;-0.41;2;2;200;5.173;0.02;gps;0.52;mNAP;0.02;gps;;mNAP;;;;-91;0.52;;;;2020-03-13T11:06:56.819Z;;2.0;0.07006;126009.433;486874.534;2.5930896224725037;4.961533663333334;52.368985959999996;45.544;0.01;0.02;4326.0;0.5230296224725037;2020-03-13T11:06:56.820Z
TI20072;Prio 1- 1 W7610-3 Zeeburg;12;0;19#i0;-0.39;;;-0.4;-0.41;1;1;200;-1.222;0.02;gps;0.69;mNAP;0.02;gps;;mNAP;;;;-108;0.69;;;;2020-03-13T11:12:59.528Z;;2.0;0.07006;125979.98;486848.694;2.757626887991875;4.961103453333333;52.368752165;45.709;0.01;0.02;4326.0;0.6875668879918748;2020-03-13T11:12:59.528Z
TI20072;Prio 1- 1 W7610-3 Zeeburg;12;1;19#i0;-0.39;;;-0.4;-0.41;1;;200;-0.657;0.02;gps;0.44;mNAP;0.02;gps;;mNAP;;;;-83;0.44;;;;2020-03-13T11:13:14.147Z;;2.0;0.07006;125980.152;486849.275;2.514635648206144;4.961105916666667;52.36875739833334;45.466;0.01;0.02;4326.0;0.44457564820614404;2020-03-13T11:13:14.147Z
TI20072;Prio 1- 1 W7610-3 Zeeburg;12;2;19#i0;-0.39;;;-0.4;-0.41;22L;;200;0.0;0.02;gps;-0.4;mNAP;0.02;gps;;mNAP;;;;0;-0.39;-0.39;0;;2020-03-13T11:13:43.729Z;;2.0;0.07006;125980.007;486849.916;1.6736441868712566;4.961103735;52.36876314999999;44.625;0.01;0.02;4326.0;-0.3964158131287434;2020-03-13T11:13:43.729Z
TI20072;Prio 1- 1 W7610-3 Zeeburg;12;3;19#i0;-0.39;;;-0.4;-0.41;99;5;200;0.1;;manual;8.0;cm tov WP;;manual;11.0;cm tov WP;;manual;;8.0;-0.47000000000000003;-0.5;11.0;;2020-03-13T11:15:29.002Z;;;;;;;;;;;;4326.0;;2020-03-13T11:15:29.002Z
TI20072;Prio 1- 1 W7610-3 Zeeburg;12;4;19#i0;-0.39;;;-0.4;-0.41;99;5;200;0.5;;manual;38.0;cm tov WP;;manual;52.0;cm tov WP;;manual;;38.0;-0.77;-0.91;52.0;;2020-03-13T11:15:23.346Z;;;;;;;;;;;;4326.0;;2020-03-13T11:15:23.346Z
TI20072;Prio 1- 1 W7610-3 Zeeburg;12;5;19#i0;-0.39;;;-0.4;-0.41;99;5;;1.0;;manual;41.0;cm tov WP;;manual;92.0;cm tov WP;;manual;;41.0;-0.8;-1.31;92.0;;2020-03-13T11:15:12.107Z;;;;;;;;;;;;4326.0;;2020-03-13T11:15:12.107Z
TI20072;Prio 1- 1 W7610-3 Zeeburg;12;6;19#i0;-0.39;;;-0.4;-0.41;99;5;;1.5;;manual;38.0;cm tov WP;;manual;117.0;cm tov WP;;manual;;38.0;-0.77;-1.56;117.0;;2020-03-13T11:15:01.051Z;;;;;;;;;;;;4326.0;;2020-03-13T11:17:08.250Z
TI20072;Prio 1- 1 W7610-3 Zeeburg;12;7;19#i0;-0.39;;;-0.4;-0.41;99;7;;2.0;;manual;41.0;cm tov WP;;manual;112.0;cm tov WP;;manual;;41.0;-0.8;-1.5100000000000002;112.0;;2020-03-13T11:14:51.942Z;;;;;;;;;;;;4326.0;;2020-03-13T11:14:51.942Z
TI20072;Prio 1- 1 W7610-3 Zeeburg;12;8;19#i0;-0.39;;;-0.4;-0.41;99;6;;2.5;;manual;43.0;cm tov WP;;manual;84.0;cm tov WP;;manual;;43.0;-0.8200000000000001;-1.23;84.0;;2020-03-13T11:14:44.734Z;;;;;;;;;;;;4326.0;;2020-03-13T11:14:44.734Z
TI20072;Prio 1- 1 W7610-3 Zeeburg;12;9;19#i0;-0.39;;;-0.4;-0.41;99;6;;3.0;;manual;35.0;cm tov WP;;manual;58.0;cm tov WP;;manual;;35.0;-0.74;-0.97;58.0;;2020-03-13T11:14:38.284Z;;;;;;;;;;;;4326.0;;2020-03-13T11:14:38.284Z
TI20072;Prio 1- 1 W7610-3 Zeeburg;12;10;19#i0;-0.39;;;-0.4;-0.41;99;6;;3.5;;manual;32.0;cm tov WP;;manual;43.0;cm tov WP;;manual;;32.0;-0.71;-0.8200000000000001;43.0;;2020-03-13T11:14:31.469Z;;;;;;;;;;;;4326.0;;2020-03-13T11:14:31.469Z
TI20072;Prio 1- 1 W7610-3 Zeeburg;12;11;19#i0;-0.39;;;-0.4;-0.41;99;6;;3.9;;manual;12.0;cm tov WP;;manual;15.0;cm tov WP;;manual;;12.0;-0.51;-0.54;15.0;;2020-03-13T11:14:22.516Z;;;;;;;;;;;;4326.0;;2020-03-13T11:14:22.516Z
TI20072;Prio 1- 1 W7610-3 Zeeburg;12;12;19#i0;-0.39;;;-0.4;-0.41;22R;;200;4.0;0.02;gps;-0.41;mNAP;0.02;gps;;mNAP;;;;0;-0.39;-0.39;0;;2020-03-13T11:15:50.908Z;;2.0;0.07006;125979.477;486853.893;1.6626984250794115;4.961095616666666;52.36879887;44.614;0.01;0.02;4326.0;-0.40736157492058855;2020-03-13T11:15:50.908Z
TI20072;Prio 1- 1 W7610-3 Zeeburg;12;13;19#i0;-0.39;;;-0.4;-0.41;2;;78;4.273;0.02;gps;-0.26;mNAP;0.02;gps;;mNAP;;;;-13;-0.26;;;;2020-03-13T11:16:07.166Z;;2.0;0.07006;125979.523;486854.162;1.8077023678504238;4.96109627;52.36880128999999;44.759;0.01;0.02;4326.0;-0.2623576321495762;2020-03-13T11:16:07.166Z
TI20072;Prio 1- 1 W7610-3 Zeeburg;12;14;19#i0;-0.39;;;-0.4;-0.41;2;2;78;4.537;0.02;gps;-0.03;mNAP;0.02;gps;;mNAP;;;;-36;-0.03;;;;2020-03-13T11:16:12.228Z;;2.0;0.07006;125979.461;486854.43;2.040705933498926;4.9610953250000005;52.36880369666666;44.992;0.01;0.02;4326.0;-0.029354066501073847;2020-03-13T11:16:12.228Z
TI20072;Prio 1- 1 W7610-3 Zeeburg;3;0;2#i0;-0.39;;-0.39;-0.38;-0.32;1;1;200;-2.253;0.02;gps;0.78;mNAP;0.02;gps;;mNAP;;;;-117;0.78;;;;2020-03-13T09:18:26.267Z;;2.0;0.07006;126173.725;487043.999;2.85303067539646;4.963931355;52.370517645;45.801;0.01;0.02;4326.0;0.78297067539646;2020-03-13T09:18:26.267Z
TI20072;Prio 1- 1 W7610-3 Zeeburg;3;1;2#i0;-0.39;;-0.39;-0.38;-0.32;1;;200;-0.794;0.01;gps;0.33;mNAP;0.01;gps;;mNAP;;;;-72;0.33;;;;2020-03-13T09:18:13.079Z;;2.0;0.07006;126172.257;487044.224;2.3970289468374295;4.963909791666667;52.37051959166667;45.345;0.01;0.01;4326.0;0.3269689468374295;2020-03-13T09:18:13.079Z
TI20072;Prio 1- 1 W7610-3 Zeeburg;3;2;2#i0;-0.39;;-0.39;-0.38;-0.32;1;;200;-0.226;0.01;gps;-0.12;mNAP;0.01;gps;;mNAP;;;;-27;-0.12;;;;2020-03-13T09:17:54.222Z;;2.0;0.07006;126171.696;487044.139;1.9540258708295957;4.96390156;52.370518800000006;44.902;0.01;0.01;4326.0;-0.11603412917040433;2020-03-13T09:17:54.222Z
TI20072;Prio 1- 1 W7610-3 Zeeburg;3;3;2#i0;-0.39;;-0.39;-0.38;-0.32;22L;;200;0.0;0.01;gps;-0.38;mNAP;0.01;gps;;mNAP;;;;0;-0.39;-0.39;0;;2020-03-13T09:17:36.298Z;;2.0;0.07006;126171.474;487044.1;1.6930245727327309;4.963898293333333;52.370518436666664;44.641;0.01;0.01;4326.0;-0.37703542726726913;2020-03-13T09:17:36.298Z
TI20072;Prio 1- 1 W7610-3 Zeeburg;3;4;2#i0;-0.39;;-0.39;-0.38;-0.32;99;5;200;0.1;;manual;5.0;cm tov WP;;manual;5.0;cm tov WP;;manual;;5.0;-0.44;-0.44;5.0;;2020-03-13T09:17:05.661Z;;;;;;;;;;;;4326.0;;2020-03-13T09:17:05.661Z
TI20072;Prio 1- 1 W7610-3 Zeeburg;3;5;2#i0;-0.39;;-0.39;-0.38;-0.32;99;5;;0.5;;manual;30.0;cm tov WP;;manual;45.0;cm tov WP;;manual;;30.0;-0.69;-0.8400000000000001;45.0;;2020-03-13T09:16:56.676Z;;;;;;;;;;;;4326.0;;2020-03-13T09:16:56.676Z
TI20072;Prio 1- 1 W7610-3 Zeeburg;3;6;2#i0;-0.39;;-0.39;-0.38;-0.32;99;5;;1.0;;manual;35.0;cm tov WP;;manual;73.0;cm tov WP;;manual;;35.0;-0.74;-1.12;73.0;;2020-03-13T09:16:50.793Z;;;;;;;;;;;;4326.0;;2020-03-13T09:16:50.793Z
TI20072;Prio 1- 1 W7610-3 Zeeburg;3;7;2#i0;-0.39;;-0.39;-0.38;-0.32;99;7;;1.5;;manual;38.0;cm tov WP;;manual;73.0;cm tov WP;;manual;;38.0;-0.77;-1.12;73.0;;2020-03-13T09:16:44.381Z;;;;;;;;;;;;4326.0;;2020-03-13T09:16:44.381Z
TI20072;Prio 1- 1 W7610-3 Zeeburg;3;8;2#i0;-0.39;;-0.39;-0.38;-0.32;99;6;;2.0;;manual;37.0;cm tov WP;;manual;67.0;cm tov WP;;manual;;37.0;-0.76;-1.06;67.0;;2020-03-13T09:16:37.688Z;;;;;;;;;;;;4326.0;;2020-03-13T09:16:37.688Z
TI20072;Prio 1- 1 W7610-3 Zeeburg;3;9;2#i0;-0.39;;-0.39;-0.38;-0.32;99;6;;2.5;;manual;32.0;cm tov WP;;manual;50.0;cm tov WP;;manual;;32.0;-0.71;-0.89;50.0;;2020-03-13T09:16:30.821Z;;;;;;;;;;;;4326.0;;2020-03-13T09:16:30.821Z
TI20072;Prio 1- 1 W7610-3 Zeeburg;3;10;2#i0;-0.39;;-0.39;-0.38;-0.32;99;6;;2.8;;manual;23.0;cm tov WP;;manual;28.0;cm tov WP;;manual;;23.0;-0.62;-0.67;28.0;;2020-03-13T09:16:25.985Z;;;;;;;;;;;;4326.0;;2020-03-13T09:16:25.985Z
TI20072;Prio 1- 1 W7610-3 Zeeburg;3;11;2#i0;-0.39;;-0.39;-0.38;-0.32;99;6;;3.1;;manual;2.0;cm tov WP;;manual;5.0;cm tov WP;;manual;;2.0;-0.41000000000000003;-0.44;5.0;;2020-03-13T09:16:13.923Z;;;;;;;;;;;;4326.0;;2020-03-13T09:16:13.923Z
TI20072;Prio 1- 1 W7610-3 Zeeburg;3;12;2#i0;-0.39;;-0.39;-0.38;-0.32;22R;;;3.2;0.02;gps;-0.32;mNAP;0.02;gps;;mNAP;;;;0;-0.39;-0.39;0;;2020-03-13T09:15:00.258Z;;2.0;0.07006;126168.442;487044.219;1.7490161038638723;4.963853768333333;52.370519345000005;44.697;0.01;0.02;4326.0;-0.3210438961361277;2020-03-13T09:15:00.258Z
TI20072;Prio 1- 1 W7610-3 Zeeburg;3;13;2#i0;-0.39;;-0.39;-0.38;-0.32;2;;78;3.27;0.02;gps;-0.03;mNAP;0.02;gps;;mNAP;;;;-36;-0.03;;;;2020-03-13T09:15:18.122Z;;2.0;0.07006;126168.373;487044.208;2.0440157177864497;4.963852751666667;52.370519243333334;44.992;0.01;0.02;4326.0;-0.02604428221355025;2020-03-13T09:15:18.122Z
TI20072;Prio 1- 1 W7610-3 Zeeburg;3;14;2#i0;-0.39;;-0.39;-0.38;-0.32;2;;78;3.426;0.02;gps;0.22;mNAP;0.02;gps;;mNAP;;;;-61;0.22;;;;2020-03-13T09:15:24.114Z;;2.0;0.07006;126168.241;487044.115;2.286013961568478;4.963850823333333;52.37051840000001;45.234;0.01;0.02;4326.0;0.2159539615684778;2020-03-13T09:15:24.114Z
TI20072;Prio 1- 1 W7610-3 Zeeburg;3;15;2#i0;-0.39;;-0.39;-0.38;-0.32;2;2;78;3.617;0.02;gps;0.26;mNAP;0.02;gps;;mNAP;;;;-65;0.26;;;;2020-03-13T09:15:28.894Z;;2.0;0.07006;126168.029;487044.158;2.3320138678564737;4.963847711666666;52.370518780000005;45.28;0.01;0.02;4326.0;0.2619538678564737;2020-03-13T09:15:28.894Z
TI20072;Prio 1- 1 W7610-3 Zeeburg;8;0;20#i0;-0.39;;-0.39;-0.39;-0.31;1;1;78;-1.364;0.03;gps;0.79;mNAP;0.03;gps;;mNAP;;;;-118;0.79;;;;2020-03-13T11:20:21.334Z;;2.0;0.07006;125921.912;486864.71;2.8596571279139473;4.960249485;52.36889304333334;45.811;0.02;0.03;4326.0;0.7895971279139473;2020-03-13T11:20:21.334Z
TI20072;Prio 1- 1 W7610-3 Zeeburg;8;1;20#i0;-0.39;;-0.39;-0.39;-0.31;1;;78;-0.383;0.03;gps;0.13;mNAP;0.03;gps;;mNAP;;;;-52;0.13;;;;2020-03-13T11:20:29.446Z;;2.0;0.07006;125920.857;486864.469;2.195650174283343;4.9602340116666666;52.36889081833333;45.147;0.02;0.03;4326.0;0.12559017428334296;2020-03-13T11:20:29.446Z
TI20072;Prio 1- 1 W7610-3 Zeeburg;8;2;20#i0;-0.39;;-0.39;-0.39;-0.31;22L;;78;0.0;0.02;gps;-0.39;mNAP;0.02;gps;;mNAP;;;;0;-0.39;-0.39;0;;2020-03-13T11:20:39.693Z;;2.0;0.07006;125920.678;486864.131;1.6776448096817367;4.960231411666667;52.36888776833333;44.629;0.01;0.02;4326.0;-0.39241519031826333;2020-03-13T11:20:39.693Z
TI20072;Prio 1- 1 W7610-3 Zeeburg;8;3;20#i0;-0.39;;-0.39;-0.39;-0.31;99;5;;0.1;;manual;5.0;cm tov WP;;manual;21.0;cm tov WP;;manual;;5.0;-0.44;-0.6;21.0;;2020-03-13T11:21:07.466Z;;;;;;;;;;;;4326.0;;2020-03-13T11:21:07.466Z
TI20072;Prio 1- 1 W7610-3 Zeeburg;8;4;20#i0;-0.39;;-0.39;-0.39;-0.31;99;5;;0.5;;manual;25.0;cm tov WP;;manual;53.0;cm tov WP;;manual;;25.0;-0.64;-0.92;53.0;;2020-03-13T11:21:13.096Z;;;;;;;;;;;;4326.0;;2020-03-13T11:21:13.096Z
TI20072;Prio 1- 1 W7610-3 Zeeburg;8;5;20#i0;-0.39;;-0.39;-0.39;-0.31;99;5;;1.0;;manual;50.0;cm tov WP;;manual;92.0;cm tov WP;;manual;;50.0;-0.89;-1.31;92.0;;2020-03-13T11:21:29.700Z;;;;;;;;;;;;4326.0;;2020-03-13T11:21:29.700Z
TI20072;Prio 1- 1 W7610-3 Zeeburg;8;6;20#i0;-0.39;;-0.39;-0.39;-0.31;99;5;;1.5;;manual;58.0;cm tov WP;;manual;122.0;cm tov WP;;manual;;58.0;-0.97;-1.6099999999999999;122.0;;2020-03-13T11:21:41.342Z;;;;;;;;;;;;4326.0;;2020-03-13T11:21:41.342Z
TI20072;Prio 1- 1 W7610-3 Zeeburg;8;7;20#i0;-0.39;;-0.39;-0.39;-0.31;99;7;;2.0;;manual;58.0;cm tov WP;;manual;129.0;cm tov WP;;manual;;58.0;-0.97;-1.6800000000000002;129.0;;2020-03-13T11:21:51.692Z;;;;;;;;;;;;4326.0;;2020-03-13T11:21:51.692Z
TI20072;Prio 1- 1 W7610-3 Zeeburg;8;8;20#i0;-0.39;;-0.39;-0.39;-0.31;99;6;;2.5;;manual;50.0;cm tov WP;;manual;115.0;cm tov WP;;manual;;50.0;-0.89;-1.54;115.0;;2020-03-13T11:22:49.495Z;;;;;;;;;;;;4326.0;;2020-03-13T11:22:49.495Z
TI20072;Prio 1- 1 W7610-3 Zeeburg;8;9;20#i0;-0.39;;-0.39;-0.39;-0.31;99;6;;3.0;;manual;48.0;cm tov WP;;manual;93.0;cm tov WP;;manual;;48.0;-0.87;-1.32;93.0;;2020-03-13T11:22:58.288Z;;;;;;;;;;;;4326.0;;2020-03-13T11:22:58.288Z
TI20072;Prio 1- 1 W7610-3 Zeeburg;8;10;20#i0;-0.39;;-0.39;-0.39;-0.31;99;6;;3.5;;manual;35.0;cm tov WP;;manual;46.0;cm tov WP;;manual;;35.0;-0.74;-0.8500000000000001;46.0;;2020-03-13T11:23:17.859Z;;;;;;;;;;;;4326.0;;2020-03-13T11:23:17.859Z
TI20072;Prio 1- 1 W7610-3 Zeeburg;8;11;20#i0;-0.39;;-0.39;-0.39;-0.31;99;6;;3.8;;manual;18.0;cm tov WP;;manual;22.0;cm tov WP;;manual;;18.0;-0.5700000000000001;-0.61;22.0;;2020-03-13T11:23:29.151Z;;;;;;;;;;;;4326.0;;2020-03-13T11:23:29.151Z
TI20072;Prio 1- 1 W7610-3 Zeeburg;8;12;20#i0;-0.39;;-0.39;-0.39;-0.31;22R;;;3.9;0.13;gps;-0.31;mNAP;0.13;gps;;mNAP;;;;0;-0.39;-0.39;0;;2020-03-13T11:23:43.752Z;;2.0;0.07006;125917.488;486863.16;1.7586203882817406;4.960184663333334;52.368878869999996;44.71;0.04;0.13;4326.0;-0.3114396117182594;2020-03-13T11:23:43.752Z
TI20072;Prio 1- 1 W7610-3 Zeeburg;8;13;20#i0;-0.39;;-0.39;-0.39;-0.31;2;;78;4.0;;manual;-35.0;cm tov WP;;manual;;mNAP;;;;-35.0;-0.040000000000000036;;;;2020-03-13T11:24:14.273Z;;;;;;;;;;;;4326.0;;2020-03-13T11:24:14.273Z
TI20072;Prio 1- 1 W7610-3 Zeeburg;8;14;20#i0;-0.39;;-0.39;-0.39;-0.31;2;2;78;4.3;;manual;-60.0;cm tov WP;;manual;;mNAP;;;;-60.0;0.20999999999999996;;;;2020-03-13T11:24:49.183Z;;;;;;;;;;;;4326.0;;2020-03-13T11:24:49.183Z
TI20072;Prio 1- 1 W7610-3 Zeeburg;20;0;21#i0;-0.39;Van 3 naar 3.90 overhangende bramen;-0.39;-0.4;-0.44;1;1;78;-1.117;0.01;gps;0.41;mNAP;0.01;gps;;mNAP;;;;-80;0.41;;;;2020-03-13T11:27:38.317Z;;2.0;0.07006;125906.069;486911.97;2.481268697403528;4.960012768333333;52.369316938333334;45.432;0.01;0.01;4326.0;0.41120869740352783;2020-03-13T11:27:38.317Z
TI20072;Prio 1- 1 W7610-3 Zeeburg;20;1;21#i0;-0.39;Van 3 naar 3.90 overhangende bramen;-0.39;-0.4;-0.44;1;;200;-0.225;0.01;gps;-0.25;mNAP;0.01;gps;;mNAP;;;;-14;-0.25;;;;2020-03-13T11:27:54.209Z;;2.0;0.07006;125905.252;486911.59;1.8212605876621373;4.960000811666667;52.369313479999995;44.772;0.01;0.01;4326.0;-0.24879941233786274;2020-03-13T11:27:54.209Z
TI20072;Prio 1- 1 W7610-3 Zeeburg;20;2;21#i0;-0.39;Van 3 naar 3.90 overhangende bramen;-0.39;-0.4;-0.44;22L;;200;0.0;0.02;gps;-0.4;mNAP;0.02;gps;;mNAP;;;;0;-0.39;-0.39;0;;2020-03-13T11:28:22.566Z;;2.0;0.07006;125905.087;486911.438;1.665257889315817;4.959998398333333;52.369312105;44.616;0.01;0.02;4326.0;-0.40480211068418304;2020-03-13T11:28:22.566Z
TI20072;Prio 1- 1 W7610-3 Zeeburg;20;3;21#i0;-0.39;Van 3 naar 3.90 overhangende bramen;-0.39;-0.4;-0.44;99;5;200;0.1;;manual;5.0;cm tov WP;;manual;5.0;cm tov WP;;manual;;5.0;-0.44;-0.44;5.0;;2020-03-13T11:28:58.445Z;;;;;;;;;;;;4326.0;;2020-03-13T11:28:58.445Z
TI20072;Prio 1- 1 W7610-3 Zeeburg;20;4;21#i0;-0.39;Van 3 naar 3.90 overhangende bramen;-0.39;-0.4;-0.44;99;5;200;0.5;;manual;39.0;cm tov WP;;manual;45.0;cm tov WP;;manual;;39.0;-0.78;-0.8400000000000001;45.0;;2020-03-13T11:29:04.419Z;;;;;;;;;;;;4326.0;;2020-03-13T11:29:04.419Z
TI20072;Prio 1- 1 W7610-3 Zeeburg;20;5;21#i0;-0.39;Van 3 naar 3.90 overhangende bramen;-0.39;-0.4;-0.44;99;5;;1.0;;manual;52.0;cm tov WP;;manual;65.0;cm tov WP;;manual;;52.0;-0.91;-1.04;65.0;;2020-03-13T11:29:13.734Z;;;;;;;;;;;;4326.0;;2020-03-13T11:29:13.734Z
TI20072;Prio 1- 1 W7610-3 Zeeburg;20;6;21#i0;-0.39;Van 3 naar 3.90 overhangende bramen;-0.39;-0.4;-0.44;99;5;;1.5;;manual;52.0;cm tov WP;;manual;92.0;cm tov WP;;manual;;52.0;-0.91;-1.31;92.0;;2020-03-13T11:29:22.670Z;;;;;;;;;;;;4326.0;;2020-03-13T11:29:22.670Z
TI20072;Prio 1- 1 W7610-3 Zeeburg;20;7;21#i0;-0.39;Van 3 naar 3.90 overhangende bramen;-0.39;-0.4;-0.44;99;7;;2.0;;manual;53.0;cm tov WP;;manual;105.0;cm tov WP;;manual;;53.0;-0.92;-1.44;105.0;;2020-03-13T11:29:30.357Z;;;;;;;;;;;;4326.0;;2020-03-13T11:29:30.357Z
TI20072;Prio 1- 1 W7610-3 Zeeburg;20;8;21#i0;-0.39;Van 3 naar 3.90 overhangende bramen;-0.39;-0.4;-0.44;99;6;;2.5;;manual;53.0;cm tov WP;;manual;111.0;cm tov WP;;manual;;53.0;-0.92;-1.5;111.0;;2020-03-13T11:29:40.407Z;;;;;;;;;;;;4326.0;;2020-03-13T11:29:40.407Z
TI20072;Prio 1- 1 W7610-3 Zeeburg;20;9;21#i0;-0.39;Van 3 naar 3.90 overhangende bramen;-0.39;-0.4;-0.44;99;6;;3.0;;manual;32.0;cm tov WP;;manual;81.0;cm tov WP;;manual;;32.0;-0.71;-1.2000000000000002;81.0;;2020-03-13T11:29:49.428Z;;;;;;;;;;;;4326.0;;2020-03-13T11:29:49.428Z
TI20072;Prio 1- 1 W7610-3 Zeeburg;20;10;21#i0;-0.39;Van 3 naar 3.90 overhangende bramen;-0.39;-0.4;-0.44;99;6;;3.5;;manual;25.0;cm tov WP;;manual;43.0;cm tov WP;;manual;;25.0;-0.64;-0.8200000000000001;43.0;;2020-03-13T11:30:30.497Z;;;;;;;;;;;;4326.0;;2020-03-13T11:30:30.497Z
TI20072;Prio 1- 1 W7610-3 Zeeburg;20;11;21#i0;-0.39;Van 3 naar 3.90 overhangende bramen;-0.39;-0.4;-0.44;99;6;;3.8;;manual;13.0;cm tov WP;;manual;18.0;cm tov WP;;manual;;13.0;-0.52;-0.5700000000000001;18.0;;2020-03-13T11:30:38.769Z;;;;;;;;;;;;4326.0;;2020-03-13T11:30:38.769Z
TI20072;Prio 1- 1 W7610-3 Zeeburg;20;12;21#i0;-0.39;Van 3 naar 3.90 overhangende bramen;-0.39;-0.4;-0.44;22R;;;3.9;0.02;gps;-0.44;mNAP;0.02;gps;;mNAP;;;;0;-0.39;-0.39;0;;2020-03-13T11:30:49.718Z;;2.0;0.07006;125901.487;486910.343;1.6292303023940269;4.959945641666667;52.36930207333333;44.58;0.01;0.02;4326.0;-0.4408296976059731;2020-03-13T11:30:49.718Z
TI20072;Prio 1- 1 W7610-3 Zeeburg;20;13;21#i0;-0.39;Van 3 naar 3.90 overhangende bramen;-0.39;-0.4;-0.44;2;;78;4.0;;manual;-20.0;cm tov WP;;manual;;mNAP;;;;-20.0;-0.19;;;;2020-03-13T11:31:26.692Z;;;;;;;;;;;;4326.0;;2020-03-13T11:31:26.692Z
TI20072;Prio 1- 1 W7610-3 Zeeburg;20;14;21#i0;-0.39;Van 3 naar 3.90 overhangende bramen;-0.39;-0.4;-0.44;2;2;78;5.0;;manual;-70.0;cm tov WP;;manual;;mNAP;;;Oever met bramen;-70.0;0.30999999999999994;;;1584099127541.jpg;2020-03-13T11:31:39.764Z;;;;;;;;;;;;4326.0;;2020-03-13T11:32:12.383Z
TI20072;Prio 1- 1 W7610-3 Zeeburg;21;0;22#i0;-0.39;;-0.39;0.47;-0.2;1;1;30;-0.05;;manual;-100.0;cm tov WP;;manual;;mNAP;;;;-100.0;0.61;;;;2020-03-13T11:52:41.483Z;;;;;;;;;;;;4326.0;;2020-03-13T11:52:41.483Z
TI20072;Prio 1- 1 W7610-3 Zeeburg;21;1;22#i0;-0.39;;-0.39;0.47;-0.2;22L;;;0.0;0.29;gps;0.47;mNAP;0.29;gps;;mNAP;;;;0;-0.39;-0.39;0;;2020-03-13T11:52:16.504Z;;2.0;0.07006;125891.133;486960.261;2.544897671809159;4.959789285;52.369750159999995;45.495;0.05;0.29;4326.0;0.47483767180915915;2020-03-13T11:52:16.504Z
TI20072;Prio 1- 1 W7610-3 Zeeburg;21;2;22#i0;-0.39;;-0.39;0.47;-0.2;99;5;;0.1;;manual;18.0;cm tov WP;;manual;35.0;cm tov WP;;manual;;18.0;-0.5700000000000001;-0.74;35.0;;2020-03-13T11:52:05.774Z;;;;;;;;;;;;4326.0;;2020-03-13T11:52:05.774Z
TI20072;Prio 1- 1 W7610-3 Zeeburg;21;3;22#i0;-0.39;;-0.39;0.47;-0.2;99;5;;0.5;;manual;20.0;cm tov WP;;manual;45.0;cm tov WP;;manual;;20.0;-0.5900000000000001;-0.8400000000000001;45.0;;2020-03-13T11:51:58.983Z;;;;;;;;;;;;4326.0;;2020-03-13T11:51:58.983Z
TI20072;Prio 1- 1 W7610-3 Zeeburg;21;4;22#i0;-0.39;;-0.39;0.47;-0.2;99;5;;1.0;;manual;28.0;cm tov WP;;manual;78.0;cm tov WP;;manual;;28.0;-0.67;-1.17;78.0;;2020-03-13T11:51:45.858Z;;;;;;;;;;;;4326.0;;2020-03-13T11:51:45.858Z
TI20072;Prio 1- 1 W7610-3 Zeeburg;21;5;22#i0;-0.39;;-0.39;0.47;-0.2;99;7;;1.5;;manual;25.0;cm tov WP;;manual;80.0;cm tov WP;;manual;;25.0;-0.64;-1.19;80.0;;2020-03-13T11:51:35.570Z;;;;;;;;;;;;4326.0;;2020-03-13T11:51:35.570Z
TI20072;Prio 1- 1 W7610-3 Zeeburg;21;6;22#i0;-0.39;;-0.39;0.47;-0.2;99;6;;2.0;;manual;22.0;cm tov WP;;manual;80.0;cm tov WP;;manual;;22.0;-0.61;-1.19;80.0;;2020-03-13T11:51:20.845Z;;;;;;;;;;;;4326.0;;2020-03-13T11:51:20.845Z
TI20072;Prio 1- 1 W7610-3 Zeeburg;21;7;22#i0;-0.39;;-0.39;0.47;-0.2;99;6;;2.5;;manual;20.0;cm tov WP;;manual;40.0;cm tov WP;;manual;;20.0;-0.5900000000000001;-0.79;40.0;;2020-03-13T11:51:15.639Z;;;;;;;;;;;;4326.0;;2020-03-13T11:51:15.639Z
TI20072;Prio 1- 1 W7610-3 Zeeburg;21;8;22#i0;-0.39;;-0.39;0.47;-0.2;99;6;;2.7;;manual;18.0;cm tov WP;;manual;18.0;cm tov WP;;manual;;18.0;-0.5700000000000001;-0.5700000000000001;18.0;;2020-03-13T11:51:10.453Z;;;;;;;;;;;;4326.0;;2020-03-13T11:51:10.453Z
TI20072;Prio 1- 1 W7610-3 Zeeburg;21;9;22#i0;-0.39;;-0.39;0.47;-0.2;22R;;78;2.8;0.06;gps;-0.2;mNAP;0.06;gps;;mNAP;;;Vanaf 22r naar extra meetpunt 8.80 meter;0;-0.39;-0.39;0;;2020-03-13T11:47:06.730Z;;2.0;0.07006;125889.68;486960.104;1.8698905306724276;4.9597679716666665;52.36974867166667;44.82;0.04;0.06;4326.0;-0.2001694693275724;2020-03-13T11:48:45.316Z
TI20072;Prio 1- 1 W7610-3 Zeeburg;21;10;22#i0;-0.39;;-0.39;0.47;-0.2;2;;37;3.0;;manual;-30.0;cm tov WP;;manual;;mNAP;;;;-30.0;-0.09000000000000002;;;;2020-03-13T11:50:04.124Z;;;;;;;;;;;;4326.0;;2020-03-13T11:50:04.124Z
TI20072;Prio 1- 1 W7610-3 Zeeburg;21;11;22#i0;-0.39;;-0.39;0.47;-0.2;2;2;37;3.4;;manual;-70.0;cm tov WP;;manual;;mNAP;;;;-70.0;0.30999999999999994;;;;2020-03-13T11:50:24.060Z;;;;;;;;;;;;4326.0;;2020-03-13T11:50:24.060Z
TI20072;Prio 1- 1 W7610-3 Zeeburg;21;12;22#i0;-0.39;;-0.39;0.47;-0.2;2;;78;11.6;0.02;gps;0.45;mNAP;0.02;gps;;mNAP;;;Extra punt tbv richting, grasland;-84;0.45;;;;2020-03-13T11:46:23.457Z;;2.0;0.07006;125882.023;486958.664;2.5198442646132326;4.959655661666666;52.36973532499999;45.47;0.01;0.02;4326.0;0.4497842646132326;2020-03-13T11:46:35.117Z
TI20072;Prio 1- 1 W7610-3 Zeeburg;21;13;22#i0;-0.39;;-0.39;0.47;-0.2;2;;78;17.717;0.01;gps;0.48;mNAP;0.01;gps;;mNAP;;;Extra punt tbv richting, grasland;-87;0.48;;;;2020-03-13T11:45:54.551Z;;2.0;0.07006;125875.017;486957.365;2.545802188426179;4.959552915000001;52.36972328;45.496;0.01;0.01;4326.0;0.47574218842617877;2020-03-13T11:46:12.978Z
TI20072;Prio 1- 1 W7610-3 Zeeburg;21;14;22#i0;-0.39;;-0.39;0.47;-0.2;2;;78;26.401;0.01;gps;0.45;mNAP;0.01;gps;;mNAP;;;Extra punt tbv richting, grasveld;-84;0.45;;;;2020-03-13T11:44:11.723Z;;2.0;0.07006;125866.406;486956.189;2.5167563665342376;4.95942658;52.369712250000006;45.467;0.01;0.01;4326.0;0.4466963665342376;2020-03-13T11:45:20.559Z
TI20072;Prio 1- 1 W7610-3 Zeeburg;2;0;23#i0;-0.39;;-0.39;-0.38;-0.38;1;1;78;-1.173;0.02;gps;0.47;mNAP;0.02;gps;;mNAP;;;;-86;0.47;;;;2020-03-13T12:03:20.849Z;;2.0;0.07006;125890.982;487003.377;2.5425039606797517;4.9597833300000005;52.37013765;45.492;0.01;0.02;4326.0;0.4724439606797517;2020-03-13T12:03:20.849Z
TI20072;Prio 1- 1 W7610-3 Zeeburg;2;1;23#i0;-0.39;;-0.39;-0.38;-0.38;1;;78;-0.498;0.02;gps;-0.14;mNAP;0.02;gps;;mNAP;;;;-25;-0.14;;;;2020-03-13T12:03:07.382Z;;2.0;0.07006;125891.203;487004.074;1.9325145230560485;4.959786521666667;52.370143925;44.882;0.02;0.02;4326.0;-0.13754547694395147;2020-03-13T12:03:07.382Z
TI20072;Prio 1- 1 W7610-3 Zeeburg;2;2;23#i0;-0.39;;-0.39;-0.38;-0.38;22L;;200;0.0;0.03;gps;-0.38;mNAP;0.03;gps;;mNAP;;;;0;-0.39;-0.39;0;;2020-03-13T12:02:45.095Z;;2.0;0.07006;125891.051;487004.548;1.6945206846972374;4.959784248333333;52.37014818166667;44.644;0.02;0.03;4326.0;-0.37553931530276263;2020-03-13T12:02:45.095Z
TI20072;Prio 1- 1 W7610-3 Zeeburg;2;3;23#i0;-0.39;;-0.39;-0.38;-0.38;99;5;200;0.1;;manual;12.0;cm tov WP;;manual;15.0;cm tov WP;;manual;;12.0;-0.51;-0.54;15.0;;2020-03-13T12:02:37.433Z;;;;;;;;;;;;4326.0;;2020-03-13T12:02:37.433Z
TI20072;Prio 1- 1 W7610-3 Zeeburg;2;4;23#i0;-0.39;;-0.39;-0.38;-0.38;99;5;200;0.5;;manual;30.0;cm tov WP;;manual;62.0;cm tov WP;;manual;;30.0;-0.69;-1.01;62.0;;2020-03-13T12:02:24.013Z;;;;;;;;;;;;4326.0;;2020-03-13T12:02:24.013Z
TI20072;Prio 1- 1 W7610-3 Zeeburg;2;5;23#i0;-0.39;;-0.39;-0.38;-0.38;99;5;;1.0;;manual;42.0;cm tov WP;;manual;78.0;cm tov WP;;manual;;42.0;-0.81;-1.17;78.0;;2020-03-13T12:02:15.708Z;;;;;;;;;;;;4326.0;;2020-03-13T12:02:15.708Z
TI20072;Prio 1- 1 W7610-3 Zeeburg;2;6;23#i0;-0.39;;-0.39;-0.38;-0.38;99;5;;1.5;;manual;42.0;cm tov WP;;manual;81.0;cm tov WP;;manual;;42.0;-0.81;-1.2000000000000002;81.0;;2020-03-13T12:02:03.904Z;;;;;;;;;;;;4326.0;;2020-03-13T12:02:03.904Z
TI20072;Prio 1- 1 W7610-3 Zeeburg;2;7;23#i0;-0.39;;-0.39;-0.38;-0.38;99;7;;2.0;;manual;43.0;cm tov WP;;manual;95.0;cm tov WP;;manual;;43.0;-0.8200000000000001;-1.3399999999999999;95.0;;2020-03-13T12:01:53.483Z;;;;;;;;;;;;4326.0;;2020-03-13T12:01:53.483Z
TI20072;Prio 1- 1 W7610-3 Zeeburg;2;8;23#i0;-0.39;;-0.39;-0.38;-0.38;99;6;;2.5;;manual;42.0;cm tov WP;;manual;103.0;cm tov WP;;manual;;42.0;-0.81;-1.42;103.0;;2020-03-13T12:01:48.524Z;;;;;;;;;;;;4326.0;;2020-03-13T12:01:48.524Z
TI20072;Prio 1- 1 W7610-3 Zeeburg;2;9;23#i0;-0.39;;-0.39;-0.38;-0.38;99;6;;3.0;;manual;45.0;cm tov WP;;manual;88.0;cm tov WP;;manual;;45.0;-0.8400000000000001;-1.27;88.0;;2020-03-13T12:01:30.475Z;;;;;;;;;;;;4326.0;;2020-03-13T12:01:30.475Z
TI20072;Prio 1- 1 W7610-3 Zeeburg;2;10;23#i0;-0.39;;-0.39;-0.38;-0.38;99;6;;3.5;;manual;35.0;cm tov WP;;manual;60.0;cm tov WP;;manual;;35.0;-0.74;-0.99;60.0;;2020-03-13T12:01:22.387Z;;;;;;;;;;;;4326.0;;2020-03-13T12:01:22.387Z
TI20072;Prio 1- 1 W7610-3 Zeeburg;2;11;23#i0;-0.39;;-0.39;-0.38;-0.38;99;6;;4.0;;manual;8.0;cm tov WP;;manual;11.0;cm tov WP;;manual;;8.0;-0.47000000000000003;-0.5;11.0;;2020-03-13T12:01:10.688Z;;;;;;;;;;;;4326.0;;2020-03-13T12:01:10.688Z
TI20072;Prio 1- 1 W7610-3 Zeeburg;2;12;23#i0;-0.39;;-0.39;-0.38;-0.38;22R;;200;4.1;0.02;gps;-0.38;mNAP;0.02;gps;;mNAP;;;;0;-0.39;-0.39;0;;2020-03-13T12:00:16.681Z;;2.0;0.07006;125890.359;487008.478;1.6855736447747338;4.95977375;52.370183465000004;44.635;0.01;0.02;4326.0;-0.3844863552252662;2020-03-13T12:00:16.681Z
TI20072;Prio 1- 1 W7610-3 Zeeburg;2;13;23#i0;-0.39;;-0.39;-0.38;-0.38;2;;200;4.271;0.02;gps;-0.16;mNAP;0.02;gps;;mNAP;;;;-23;-0.16;;;;2020-03-13T12:00:09.476Z;;2.0;0.07006;125890.352;487008.649;1.9095760234602102;4.959773635;52.37018499833333;44.859;0.01;0.02;4326.0;-0.16048397653978985;2020-03-13T12:00:09.476Z
TI20072;Prio 1- 1 W7610-3 Zeeburg;2;14;23#i0;-0.39;;-0.39;-0.38;-0.38;2;;200;4.368;0.01;gps;-0.01;mNAP;0.01;gps;;mNAP;;;;-38;-0.01;;;;2020-03-13T12:00:06.031Z;;2.0;0.07006;125890.403;487008.743;2.0585775223321;4.959774368333333;52.37018584833333;45.008;0.01;0.01;4326.0;-0.011482477667900101;2020-03-13T12:00:06.031Z
TI20072;Prio 1- 1 W7610-3 Zeeburg;2;15;23#i0;-0.39;;-0.39;-0.38;-0.38;2;2;76;4.41;0.02;gps;0.38;mNAP;0.02;gps;;mNAP;;;Parkeerplaats;-77;0.38;;;;2020-03-13T11:59:42.301Z;;2.0;0.07006;125890.483;487008.763;2.453578066591077;4.959775538333333;52.37018602666667;45.403;0.01;0.02;4326.0;0.3835180665910769;2020-03-13T11:59:53.318Z
TI20072;Prio 1- 1 W7610-3 Zeeburg;18;0;3#i0;-0.39;;;-0.4;-0.46;1;1;200;-1.8;;manual;-100.0;cm tov WP;;manual;;mNAP;;;;-100.0;0.61;;;;2020-03-13T09:27:28.988Z;;;;;;;;;;;;4326.0;;2020-03-13T09:27:28.988Z
TI20072;Prio 1- 1 W7610-3 Zeeburg;18;1;3#i0;-0.39;;;-0.4;-0.46;1;;200;-0.7;;manual;-65.0;cm tov WP;;manual;;mNAP;;;;-65.0;0.26;;;;2020-03-13T09:26:51.836Z;;;;;;;;;;;;4326.0;;2020-03-13T09:26:51.836Z
TI20072;Prio 1- 1 W7610-3 Zeeburg;18;2;3#i0;-0.39;;;-0.4;-0.46;22L;;200;0.0;0.03;gps;-0.4;mNAP;0.03;gps;;mNAP;;;;0;-0.39;-0.39;0;;2020-03-13T09:25:05.983Z;;2.0;0.07006;126170.407;486998.388;1.6683752476737501;4.963886555;52.370107555000004;44.617;0.02;0.03;4326.0;-0.4016847523262499;2020-03-13T09:25:05.983Z
TI20072;Prio 1- 1 W7610-3 Zeeburg;18;3;3#i0;-0.39;;;-0.4;-0.46;99;5;200;0.1;;manual;5.0;cm tov WP;;manual;12.0;cm tov WP;;manual;;5.0;-0.44;-0.51;12.0;;2020-03-13T09:23:57.164Z;;;;;;;;;;;;4326.0;;2020-03-13T09:23:57.164Z
TI20072;Prio 1- 1 W7610-3 Zeeburg;18;4;3#i0;-0.39;;;-0.4;-0.46;99;5;200;0.5;;manual;37.0;cm tov WP;;manual;51.0;cm tov WP;;manual;;37.0;-0.76;-0.9;51.0;;2020-03-13T09:23:51.183Z;;;;;;;;;;;;4326.0;;2020-03-13T09:23:51.183Z
TI20072;Prio 1- 1 W7610-3 Zeeburg;18;5;3#i0;-0.39;;;-0.4;-0.46;99;5;;1.0;;manual;44.0;cm tov WP;;manual;79.0;cm tov WP;;manual;;44.0;-0.8300000000000001;-1.1800000000000002;79.0;;2020-03-13T09:23:38.876Z;;;;;;;;;;;;4326.0;;2020-03-13T09:23:38.876Z
TI20072;Prio 1- 1 W7610-3 Zeeburg;18;6;3#i0;-0.39;;;-0.4;-0.46;99;7;;1.5;;manual;45.0;cm tov WP;;manual;79.0;cm tov WP;;manual;;45.0;-0.8400000000000001;-1.1800000000000002;79.0;;2020-03-13T09:23:34.343Z;;;;;;;;;;;;4326.0;;2020-03-13T09:23:34.343Z
TI20072;Prio 1- 1 W7610-3 Zeeburg;18;7;3#i0;-0.39;;;-0.4;-0.46;99;6;;2.0;;manual;45.0;cm tov WP;;manual;79.0;cm tov WP;;manual;;45.0;-0.8400000000000001;-1.1800000000000002;79.0;;2020-03-13T09:23:28.043Z;;;;;;;;;;;;4326.0;;2020-03-13T09:23:28.043Z
TI20072;Prio 1- 1 W7610-3 Zeeburg;18;8;3#i0;-0.39;;;-0.4;-0.46;99;6;;2.5;;manual;41.0;cm tov WP;;manual;62.0;cm tov WP;;manual;;41.0;-0.8;-1.01;62.0;;2020-03-13T09:23:24.513Z;;;;;;;;;;;;4326.0;;2020-03-13T09:23:24.513Z
TI20072;Prio 1- 1 W7610-3 Zeeburg;18;9;3#i0;-0.39;;;-0.4;-0.46;99;6;;3.0;;manual;27.0;cm tov WP;;manual;30.0;cm tov WP;;manual;;27.0;-0.66;-0.69;30.0;;2020-03-13T09:23:18.538Z;;;;;;;;;;;;4326.0;;2020-03-13T09:23:18.538Z
TI20072;Prio 1- 1 W7610-3 Zeeburg;18;10;3#i0;-0.39;;;-0.4;-0.46;99;6;;3.3;;manual;5.0;cm tov WP;;manual;5.0;cm tov WP;;manual;;5.0;-0.44;-0.44;5.0;;2020-03-13T09:23:10.232Z;;;;;;;;;;;;4326.0;;2020-03-13T09:23:10.232Z
TI20072;Prio 1- 1 W7610-3 Zeeburg;18;11;3#i0;-0.39;;;-0.4;-0.46;22R;;;3.4;0.03;gps;-0.46;mNAP;0.03;gps;;mNAP;;;;0;-0.39;-0.39;0;;2020-03-13T09:21:19.323Z;;2.0;0.07006;126167.307;486998.281;1.612363380778894;4.963841048333333;52.37010642666667;44.561;0.02;0.03;4326.0;-0.45769661922110605;2020-03-13T09:21:19.323Z
TI20072;Prio 1- 1 W7610-3 Zeeburg;18;12;3#i0;-0.39;;;-0.4;-0.46;2;2;78;3.7;;manual;-48.0;cm tov WP;;manual;;mNAP;;;;-48.0;0.08999999999999997;;;;2020-03-13T09:28:28.102Z;;;;;;;;;;;;4326.0;;2020-03-13T09:28:28.102Z
TI20072;Prio 1- 1 W7610-3 Zeeburg;0;0;4#i0;-0.39;;-0.39;-0.37;-0.38;1;1;30;-0.045;0.01;gps;-0.19;mNAP;0.01;gps;;mNAP;;;;-20;-0.19;;;;2020-03-13T09:35:03.781Z;;2.0;0.07006;126169.126;486948.771;1.8806701839638356;4.9638720083333325;52.36966155666667;44.83;0.01;0.01;4326.0;-0.18938981603616445;2020-03-13T09:35:03.781Z
TI20072;Prio 1- 1 W7610-3 Zeeburg;0;1;4#i0;-0.39;;-0.39;-0.37;-0.38;22L;;;0.0;0.02;gps;-0.37;mNAP;0.02;gps;;mNAP;;;;0;-0.39;-0.39;0;;2020-03-13T09:33:55.352Z;;2.0;0.07006;126169.131;486948.725;1.7016695588268496;4.963872075;52.36966115;44.651;0.01;0.02;4326.0;-0.36839044117315045;2020-03-13T09:33:55.352Z
TI20072;Prio 1- 1 W7610-3 Zeeburg;0;2;4#i0;-0.39;;-0.39;-0.37;-0.38;99;5;;0.1;;manual;27.0;cm tov WP;;manual;28.0;cm tov WP;;manual;;27.0;-0.66;-0.67;28.0;;2020-03-13T09:35:59.837Z;;;;;;;;;;;;4326.0;;2020-03-13T09:35:59.837Z
TI20072;Prio 1- 1 W7610-3 Zeeburg;0;3;4#i0;-0.39;;-0.39;-0.37;-0.38;99;5;;0.5;;manual;35.0;cm tov WP;;manual;45.0;cm tov WP;;manual;;35.0;-0.74;-0.8400000000000001;45.0;;2020-03-13T09:36:03.274Z;;;;;;;;;;;;4326.0;;2020-03-13T09:36:03.274Z
TI20072;Prio 1- 1 W7610-3 Zeeburg;0;4;4#i0;-0.39;;-0.39;-0.37;-0.38;99;5;;1.0;;manual;45.0;cm tov WP;;manual;68.0;cm tov WP;;manual;;45.0;-0.8400000000000001;-1.07;68.0;;2020-03-13T09:36:10.259Z;;;;;;;;;;;;4326.0;;2020-03-13T09:36:10.259Z
TI20072;Prio 1- 1 W7610-3 Zeeburg;0;5;4#i0;-0.39;;-0.39;-0.37;-0.38;99;7;;1.5;;manual;48.0;cm tov WP;;manual;81.0;cm tov WP;;manual;;48.0;-0.87;-1.2000000000000002;81.0;;2020-03-13T09:36:17.737Z;;;;;;;;;;;;4326.0;;2020-03-13T09:36:17.737Z
TI20072;Prio 1- 1 W7610-3 Zeeburg;0;6;4#i0;-0.39;;-0.39;-0.37;-0.38;99;6;;2.0;;manual;42.0;cm tov WP;;manual;77.0;cm tov WP;;manual;;42.0;-0.81;-1.1600000000000001;77.0;;2020-03-13T09:36:23.839Z;;;;;;;;;;;;4326.0;;2020-03-13T09:36:23.839Z
TI20072;Prio 1- 1 W7610-3 Zeeburg;0;7;4#i0;-0.39;;-0.39;-0.37;-0.38;99;6;;2.5;;manual;35.0;cm tov WP;;manual;65.0;cm tov WP;;manual;;35.0;-0.74;-1.04;65.0;;2020-03-13T09:36:29.880Z;;;;;;;;;;;;4326.0;;2020-03-13T09:36:29.880Z
TI20072;Prio 1- 1 W7610-3 Zeeburg;0;8;4#i0;-0.39;;-0.39;-0.37;-0.38;99;6;;2.8;;manual;31.0;cm tov WP;;manual;48.0;cm tov WP;;manual;;31.0;-0.7;-0.87;48.0;;2020-03-13T09:36:38.544Z;;;;;;;;;;;;4326.0;;2020-03-13T09:36:38.544Z
TI20072;Prio 1- 1 W7610-3 Zeeburg;0;9;4#i0;-0.39;;-0.39;-0.37;-0.38;22R;;999;2.9;0.01;gps;-0.38;mNAP;0.01;gps;;mNAP;;;;0;-0.39;-0.39;0;;2020-03-13T09:35:18.219Z;;2.0;0.07006;126166.419;486948.66;1.6876596130656543;4.96383227;52.369660423333336;44.637;0.01;0.01;4326.0;-0.38240038693434575;2020-03-13T09:35:18.219Z
TI20072;Prio 1- 1 W7610-3 Zeeburg;0;10;4#i0;-0.39;;-0.39;-0.37;-0.38;2;2;30;2.986;0.01;gps;-0.12;mNAP;0.01;gps;;mNAP;;;;-27;-0.12;;;;2020-03-13T09:35:25.190Z;;2.0;0.07006;126166.491;486948.708;1.9496605214808786;4.963833318333333;52.369660853333336;44.899;0.01;0.01;4326.0;-0.12039947851912135;2020-03-13T09:35:25.190Z
TI20072;Prio 1- 1 W7610-3 Zeeburg;4;0;5#i0;-0.39;;-0.39;-0.39;-0.39;1;1;30;-0.109;0.02;gps;-0.06;mNAP;0.02;gps;;mNAP;;;;-33;-0.06;;;;2020-03-13T09:42:30.982Z;;2.0;0.07006;126160.616;486899.377;2.0069444312226556;4.963751288333333;52.36921719;44.957;0.01;0.02;4326.0;-0.06311556877734435;2020-03-13T09:42:30.982Z
TI20072;Prio 1- 1 W7610-3 Zeeburg;4;1;5#i0;-0.39;;-0.39;-0.39;-0.39;22L;;999;0.0;0.02;gps;-0.39;mNAP;0.02;gps;;mNAP;;;;0;-0.39;-0.39;0;;2020-03-13T09:42:40.674Z;;2.0;0.07006;126160.523;486899.434;1.6809449192322452;4.963749911666667;52.36921769333333;44.631;0.01;0.02;4326.0;-0.3891150807677548;2020-03-13T09:42:40.674Z
TI20072;Prio 1- 1 W7610-3 Zeeburg;4;2;5#i0;-0.39;;-0.39;-0.39;-0.39;99;5;;0.1;;manual;30.0;cm tov WP;;manual;49.0;cm tov WP;;manual;;30.0;-0.69;-0.88;49.0;;2020-03-13T09:44:12.440Z;;;;;;;;;;;;4326.0;;2020-03-13T09:44:12.440Z
TI20072;Prio 1- 1 W7610-3 Zeeburg;4;3;5#i0;-0.39;;-0.39;-0.39;-0.39;99;5;;0.5;;manual;35.0;cm tov WP;;manual;71.0;cm tov WP;;manual;;35.0;-0.74;-1.1;71.0;;2020-03-13T09:44:18.993Z;;;;;;;;;;;;4326.0;;2020-03-13T09:44:18.993Z
TI20072;Prio 1- 1 W7610-3 Zeeburg;4;4;5#i0;-0.39;;-0.39;-0.39;-0.39;99;5;;1.0;;manual;38.0;cm tov WP;;manual;78.0;cm tov WP;;manual;;38.0;-0.77;-1.17;78.0;;2020-03-13T09:44:24.767Z;;;;;;;;;;;;4326.0;;2020-03-13T09:44:24.767Z
TI20072;Prio 1- 1 W7610-3 Zeeburg;4;5;5#i0;-0.39;;-0.39;-0.39;-0.39;99;7;;1.5;;manual;40.0;cm tov WP;;manual;78.0;cm tov WP;;manual;;40.0;-0.79;-1.17;78.0;;2020-03-13T09:44:31.137Z;;;;;;;;;;;;4326.0;;2020-03-13T09:44:31.137Z
TI20072;Prio 1- 1 W7610-3 Zeeburg;4;6;5#i0;-0.39;;-0.39;-0.39;-0.39;99;6;;2.0;;manual;35.0;cm tov WP;;manual;73.0;cm tov WP;;manual;;35.0;-0.74;-1.12;73.0;;2020-03-13T09:44:36.532Z;;;;;;;;;;;;4326.0;;2020-03-13T09:44:36.532Z
TI20072;Prio 1- 1 W7610-3 Zeeburg;4;7;5#i0;-0.39;;-0.39;-0.39;-0.39;99;6;;2.5;;manual;31.0;cm tov WP;;manual;55.0;cm tov WP;;manual;;31.0;-0.7;-0.9400000000000001;55.0;;2020-03-13T09:44:42.357Z;;;;;;;;;;;;4326.0;;2020-03-13T09:44:42.357Z
TI20072;Prio 1- 1 W7610-3 Zeeburg;4;8;5#i0;-0.39;;-0.39;-0.39;-0.39;99;6;;2.7;;manual;32.0;cm tov WP;;manual;45.0;cm tov WP;;manual;;32.0;-0.71;-0.8400000000000001;45.0;;2020-03-13T09:45:25.971Z;;;;;;;;;;;;4326.0;;2020-03-13T09:45:25.971Z
TI20072;Prio 1- 1 W7610-3 Zeeburg;4;9;5#i0;-0.39;;-0.39;-0.39;-0.39;22R;;999;2.8;0.02;gps;-0.39;mNAP;0.02;gps;;mNAP;;;Profiel verplaatst ivm met restant stuw;0;-0.39;-0.39;0;1584092787822.jpg;2020-03-13T09:43:01.325Z;;2.0;0.07006;126160.541;486902.06;1.6839820610919523;4.963749951666667;52.369241300000006;44.634;0.01;0.02;4326.0;-0.38607793890804776;2020-03-13T09:46:32.357Z
TI20072;Prio 1- 1 W7610-3 Zeeburg;4;10;5#i0;-0.39;;-0.39;-0.39;-0.39;2;2;30;2.84;0.02;gps;-0.06;mNAP;0.02;gps;;mNAP;;;;-33;-0.06;;;;2020-03-13T09:43:10.365Z;;2.0;0.07006;126160.581;486902.059;2.0059821732954353;4.963750543333333;52.36924128833333;44.956;0.01;0.02;4326.0;-0.06407782670456473;2020-03-13T09:43:10.365Z
TI20072;Prio 1- 1 W7610-3 Zeeburg;11;0;6#i0;-0.39;;-0.39;-0.39;-0.36;1;1;200;-0.43;0.02;gps;0.09;mNAP;0.02;gps;;mNAP;;;;-48;0.09;;;;2020-03-13T09:49:04.255Z;;2.0;0.07006;126115.381;486906.393;2.155892937832397;4.963086515;52.36927787166666;45.106;0.01;0.02;4326.0;0.08583293783239722;2020-03-13T09:49:04.255Z
TI20072;Prio 1- 1 W7610-3 Zeeburg;11;1;6#i0;-0.39;;-0.39;-0.39;-0.36;1;;200;-0.117;0.02;gps;-0.26;mNAP;0.02;gps;;mNAP;;;;-13;-0.26;;;;2020-03-13T09:49:12.237Z;;2.0;0.07006;126115.792;486906.448;1.813895084308185;4.963092541666667;52.369278388333335;44.764;0.01;0.02;4326.0;-0.2561649156918151;2020-03-13T09:49:12.237Z
TI20072;Prio 1- 1 W7610-3 Zeeburg;11;2;6#i0;-0.39;;-0.39;-0.39;-0.36;22L;;200;0.0;0.03;gps;-0.39;mNAP;0.03;gps;;mNAP;;;;0;-0.39;-0.39;0;;2020-03-13T09:49:18.640Z;;2.0;0.07006;126115.807;486906.333;1.681893502109438;4.963092768333333;52.36927734999999;44.632;0.01;0.03;4326.0;-0.3881664978905619;2020-03-13T09:49:18.640Z
TI20072;Prio 1- 1 W7610-3 Zeeburg;11;3;6#i0;-0.39;;-0.39;-0.39;-0.36;99;5;200;0.1;;manual;13.0;cm tov WP;;manual;15.0;cm tov WP;;manual;;13.0;-0.52;-0.54;15.0;;2020-03-13T09:50:40.370Z;;;;;;;;;;;;4326.0;;2020-03-13T09:50:40.370Z
TI20072;Prio 1- 1 W7610-3 Zeeburg;11;4;6#i0;-0.39;;-0.39;-0.39;-0.36;99;5;;0.5;;manual;35.0;cm tov WP;;manual;70.0;cm tov WP;;manual;;35.0;-0.74;-1.0899999999999999;70.0;;2020-03-13T09:50:48.987Z;;;;;;;;;;;;4326.0;;2020-03-13T09:50:48.987Z
TI20072;Prio 1- 1 W7610-3 Zeeburg;11;5;6#i0;-0.39;;-0.39;-0.39;-0.36;99;5;;1.0;;manual;40.0;cm tov WP;;manual;105.0;cm tov WP;;manual;;40.0;-0.79;-1.44;105.0;;2020-03-13T09:51:05.475Z;;;;;;;;;;;;4326.0;;2020-03-13T09:51:05.475Z
TI20072;Prio 1- 1 W7610-3 Zeeburg;11;6;6#i0;-0.39;;-0.39;-0.39;-0.36;99;7;;1.5;;manual;43.0;cm tov WP;;manual;83.0;cm tov WP;;manual;;43.0;-0.8200000000000001;-1.22;83.0;;2020-03-13T09:51:19.245Z;;;;;;;;;;;;4326.0;;2020-03-13T09:51:19.245Z
TI20072;Prio 1- 1 W7610-3 Zeeburg;11;7;6#i0;-0.39;;-0.39;-0.39;-0.36;99;6;;2.0;;manual;38.0;cm tov WP;;manual;73.0;cm tov WP;;manual;;38.0;-0.77;-1.12;73.0;;2020-03-13T09:51:30.706Z;;;;;;;;;;;;4326.0;;2020-03-13T09:51:30.706Z
TI20072;Prio 1- 1 W7610-3 Zeeburg;11;8;6#i0;-0.39;;-0.39;-0.39;-0.36;99;6;;2.5;;manual;33.0;cm tov WP;;manual;57.0;cm tov WP;;manual;;33.0;-0.72;-0.96;57.0;;2020-03-13T09:51:46.020Z;;;;;;;;;;;;4326.0;;2020-03-13T09:51:46.020Z
TI20072;Prio 1- 1 W7610-3 Zeeburg;11;9;6#i0;-0.39;;-0.39;-0.39;-0.36;99;6;;3.0;;manual;22.0;cm tov WP;;manual;28.0;cm tov WP;;manual;;22.0;-0.61;-0.67;28.0;;2020-03-13T09:51:53.606Z;;;;;;;;;;;;4326.0;;2020-03-13T09:51:53.606Z
TI20072;Prio 1- 1 W7610-3 Zeeburg;11;10;6#i0;-0.39;;-0.39;-0.39;-0.36;22R;;200;3.1;0.03;gps;-0.36;mNAP;0.03;gps;;mNAP;;;;0;-0.39;-0.39;0;;2020-03-13T09:49:36.714Z;;2.0;0.07006;126118.837;486906.34;1.7069036984767783;4.963137256666667;52.369277571666665;44.657;0.01;0.03;4326.0;-0.36315630152322176;2020-03-13T09:49:36.714Z
TI20072;Prio 1- 1 W7610-3 Zeeburg;11;11;6#i0;-0.39;;-0.39;-0.39;-0.36;2;;200;3.187;0.03;gps;-0.18;mNAP;0.03;gps;;mNAP;;;;-21;-0.18;;;;2020-03-13T09:49:52.421Z;;2.0;0.07006;126118.904;486906.285;1.8919031550549184;4.963138258333333;52.36927708500001;44.842;0.01;0.03;4326.0;-0.17815684494508166;2020-03-13T09:49:52.421Z
TI20072;Prio 1- 1 W7610-3 Zeeburg;11;12;6#i0;-0.39;;-0.39;-0.39;-0.36;2;2;200;3.737;0.03;gps;-0.08;mNAP;0.03;gps;;mNAP;;;;-31;-0.08;;;;2020-03-13T09:50:07.269Z;;2.0;0.07006;126119.456;486906.191;1.9949036683384724;4.963146366666667;52.36927627;44.945;0.01;0.03;4326.0;-0.07515633166152756;2020-03-13T09:50:07.269Z
TI20072;Prio 1- 1 W7610-3 Zeeburg;9;0;7#i0;-0.39;;-0.39;-0.39;0.77;1;1;78;-0.345;0.02;gps;0.21;mNAP;0.02;gps;;mNAP;;;;-60;0.21;;;;2020-03-13T09:57:11.153Z;;2.0;0.07006;126116.86;486957.169;2.2786143980922935;4.963103871666666;52.36973428666667;45.228;0.01;0.02;4326.0;0.20855439809229348;2020-03-13T09:57:11.153Z
TI20072;Prio 1- 1 W7610-3 Zeeburg;9;1;7#i0;-0.39;;-0.39;-0.39;0.77;22L;;78;0.0;0.02;gps;-0.39;mNAP;0.02;gps;;mNAP;;;Laatste meting 11:00;0;-0.39;-0.39;0;;2020-03-13T10:00:02.611Z;;2.0;0.07006;126117.161;486957.338;1.681617789355328;4.963108275;52.36973582166667;44.631;0.01;0.02;4326.0;-0.3884422106446721;2020-03-13T10:00:32.919Z
TI20072;Prio 1- 1 W7610-3 Zeeburg;9;2;7#i0;-0.39;;-0.39;-0.39;0.77;99;5;;0.1;;manual;25.0;cm tov WP;;manual;25.0;cm tov WP;;manual;;25.0;-0.64;-0.64;25.0;;2020-03-13T09:55:52.506Z;;;;;;;;;;;;4326.0;;2020-03-13T09:55:52.506Z
TI20072;Prio 1- 1 W7610-3 Zeeburg;9;3;7#i0;-0.39;;-0.39;-0.39;0.77;99;5;;0.5;;manual;40.0;cm tov WP;;manual;50.0;cm tov WP;;manual;;40.0;-0.79;-0.89;50.0;;2020-03-13T09:55:55.630Z;;;;;;;;;;;;4326.0;;2020-03-13T09:55:55.630Z
TI20072;Prio 1- 1 W7610-3 Zeeburg;9;4;7#i0;-0.39;;-0.39;-0.39;0.77;99;5;;1.0;;manual;50.0;cm tov WP;;manual;81.0;cm tov WP;;manual;;50.0;-0.89;-1.2000000000000002;81.0;;2020-03-13T09:56:02.055Z;;;;;;;;;;;;4326.0;;2020-03-13T09:56:02.055Z
TI20072;Prio 1- 1 W7610-3 Zeeburg;9;5;7#i0;-0.39;;-0.39;-0.39;0.77;99;7;;1.5;;manual;58.0;cm tov WP;;manual;81.0;cm tov WP;;manual;;58.0;-0.97;-1.2000000000000002;81.0;;2020-03-13T09:56:06.373Z;;;;;;;;;;;;4326.0;;2020-03-13T09:56:06.374Z
TI20072;Prio 1- 1 W7610-3 Zeeburg;9;6;7#i0;-0.39;;-0.39;-0.39;0.77;99;6;;2.0;;manual;58.0;cm tov WP;;manual;79.0;cm tov WP;;manual;;58.0;-0.97;-1.1800000000000002;79.0;;2020-03-13T09:56:14.140Z;;;;;;;;;;;;4326.0;;2020-03-13T09:56:14.140Z
TI20072;Prio 1- 1 W7610-3 Zeeburg;9;7;7#i0;-0.39;;-0.39;-0.39;0.77;99;6;;2.5;;manual;53.0;cm tov WP;;manual;63.0;cm tov WP;;manual;;53.0;-0.92;-1.02;63.0;;2020-03-13T09:56:19.178Z;;;;;;;;;;;;4326.0;;2020-03-13T09:56:19.179Z
TI20072;Prio 1- 1 W7610-3 Zeeburg;9;8;7#i0;-0.39;;-0.39;-0.39;0.77;99;6;;3.0;;manual;35.0;cm tov WP;;manual;35.0;cm tov WP;;manual;;35.0;-0.74;-0.74;35.0;;2020-03-13T09:56:29.437Z;;;;;;;;;;;;4326.0;;2020-03-13T09:56:29.437Z
TI20072;Prio 1- 1 W7610-3 Zeeburg;9;9;7#i0;-0.39;;-0.39;-0.39;0.77;99;6;;3.2;;manual;28.0;cm tov WP;;manual;32.0;cm tov WP;;manual;;28.0;-0.67;-0.71;32.0;;2020-03-13T09:56:35.703Z;;;;;;;;;;;;4326.0;;2020-03-13T09:56:35.703Z
TI20072;Prio 1- 1 W7610-3 Zeeburg;9;10;7#i0;-0.39;;-0.39;-0.39;0.77;22R;;;3.3;0.39;gps;0.77;mNAP;0.39;gps;;mNAP;;;;0;-0.39;-0.39;0;;2020-03-13T09:55:12.028Z;;2.0;0.07006;126119.778;486956.436;2.835613805958409;4.963146778333334;52.36972785333334;45.785;0.19;0.39;4326.0;0.7655538059584088;2020-03-13T09:55:12.028Z
TI20072;Prio 1- 1 W7610-3 Zeeburg;9;11;7#i0;-0.39;;-0.39;-0.39;0.77;2;;78;3.4;;manual;-23.0;cm tov WP;;manual;;mNAP;;;;-23.0;-0.16;;;;2020-03-13T09:58:29.134Z;;;;;;;;;;;;4326.0;;2020-03-13T09:58:29.134Z
TI20072;Prio 1- 1 W7610-3 Zeeburg;9;12;7#i0;-0.39;;-0.39;-0.39;0.77;2;2;78;3.6;;manual;-31.0;cm tov WP;;manual;;mNAP;;;;-31.0;-0.08000000000000002;;;;2020-03-13T09:58:42.835Z;;;;;;;;;;;;4326.0;;2020-03-13T09:58:49.884Z
TI20072;Prio 1- 1 W7610-3 Zeeburg;5;0;8#i0;-0.39;;-0.39;-0.39;-0.39;1;1;78;-4.968;0.02;gps;0.8;mNAP;0.02;gps;;mNAP;;;Gewijzigde situatie;-119;0.8;;;1584087751695.jpg;2020-03-13T07:51:59.878Z;;4.0;0.07006;126145.641;487006.458;4.865406457604961;4.963522228333333;52.37017877833333;47.814;0.01;0.02;4326.0;0.7953464576049611;2020-03-13T09:08:05.203Z
TI20072;Prio 1- 1 W7610-3 Zeeburg;5;1;8#i0;-0.39;;-0.39;-0.39;-0.39;1;;78;-2.48;0.02;gps;0.24;mNAP;0.02;gps;;mNAP;;;;-63;0.24;;;;2020-03-13T07:52:54.347Z;;4.0;0.07006;126143.149;487006.32;4.313396180409113;4.963485643333333;52.37017741333334;47.262;0.01;0.02;4326.0;0.24333618040911342;2020-03-13T07:52:54.347Z
TI20072;Prio 1- 1 W7610-3 Zeeburg;5;2;8#i0;-0.39;;-0.39;-0.39;-0.39;1;;78;-0.669;0.02;gps;-0.21;mNAP;0.02;gps;;mNAP;;;;-18;-0.21;;;;2020-03-13T07:53:01.732Z;;4.0;0.07006;126141.344;487006.098;3.859386992714831;4.9634591566666675;52.370175315000004;46.808;0.01;0.02;4326.0;-0.21067300728516902;2020-03-13T07:53:01.732Z
TI20072;Prio 1- 1 W7610-3 Zeeburg;5;3;8#i0;-0.39;;-0.39;-0.39;-0.39;22L;;78;0.0;0.02;gps;-0.39;mNAP;0.02;gps;;mNAP;;;Eerste meting controle waterlijn;0;-0.39;-0.39;0;;2020-03-13T07:53:10.497Z;;4.0;0.07006;126140.706;487005.897;3.6843820220714525;4.963449805;52.370173476666665;46.633;0.01;0.02;4326.0;-0.3856779779285475;2020-03-13T09:08:31.727Z
TI20072;Prio 1- 1 W7610-3 Zeeburg;5;4;8#i0;-0.39;;-0.39;-0.39;-0.39;99;5;;0.1;;manual;2.0;cm tov WP;;manual;2.0;cm tov WP;;manual;;2.0;-0.41000000000000003;-0.41000000000000003;2.0;;2020-03-13T07:57:29.158Z;;;;;;;;;;;;4326.0;;2020-03-13T07:57:29.158Z
TI20072;Prio 1- 1 W7610-3 Zeeburg;5;5;8#i0;-0.39;;-0.39;-0.39;-0.39;99;5;;0.5;;manual;12.0;cm tov WP;;manual;12.0;cm tov WP;;manual;;12.0;-0.51;-0.51;12.0;;2020-03-13T07:57:35.140Z;;;;;;;;;;;;4326.0;;2020-03-13T07:57:35.140Z
TI20072;Prio 1- 1 W7610-3 Zeeburg;5;6;8#i0;-0.39;;-0.39;-0.39;-0.39;99;5;;1.0;;manual;23.0;cm tov WP;;manual;23.0;cm tov WP;;manual;;23.0;-0.62;-0.62;23.0;;2020-03-13T07:57:42.112Z;;;;;;;;;;;;4326.0;;2020-03-13T07:57:42.112Z
TI20072;Prio 1- 1 W7610-3 Zeeburg;5;7;8#i0;-0.39;;-0.39;-0.39;-0.39;99;5;;1.5;;manual;34.0;cm tov WP;;manual;34.0;cm tov WP;;manual;;34.0;-0.73;-0.73;34.0;;2020-03-13T07:57:47.343Z;;;;;;;;;;;;4326.0;;2020-03-13T07:57:47.343Z
TI20072;Prio 1- 1 W7610-3 Zeeburg;5;8;8#i0;-0.39;;-0.39;-0.39;-0.39;99;5;;2.0;;manual;40.0;cm tov WP;;manual;40.0;cm tov WP;;manual;;40.0;-0.79;-0.79;40.0;;2020-03-13T07:57:52.074Z;;;;;;;;;;;;4326.0;;2020-03-13T07:57:52.074Z
TI20072;Prio 1- 1 W7610-3 Zeeburg;5;9;8#i0;-0.39;;-0.39;-0.39;-0.39;99;5;;3.0;;manual;55.0;cm tov WP;;manual;58.0;cm tov WP;;manual;;55.0;-0.9400000000000001;-0.97;58.0;;2020-03-13T07:58:02.876Z;;;;;;;;;;;;4326.0;;2020-03-13T07:58:02.876Z
TI20072;Prio 1- 1 W7610-3 Zeeburg;5;10;8#i0;-0.39;;-0.39;-0.39;-0.39;99;5;;4.0;;manual;71.0;cm tov WP;;manual;75.0;cm tov WP;;manual;;71.0;-1.1;-1.1400000000000001;75.0;;2020-03-13T07:58:10.664Z;;;;;;;;;;;;4326.0;;2020-03-13T07:58:10.664Z
TI20072;Prio 1- 1 W7610-3 Zeeburg;5;11;8#i0;-0.39;;-0.39;-0.39;-0.39;99;5;;5.0;;manual;75.0;cm tov WP;;manual;80.0;cm tov WP;;manual;;75.0;-1.1400000000000001;-1.19;80.0;;2020-03-13T07:58:29.779Z;;;;;;;;;;;;4326.0;;2020-03-13T07:58:29.779Z
TI20072;Prio 1- 1 W7610-3 Zeeburg;5;12;8#i0;-0.39;;-0.39;-0.39;-0.39;99;5;;6.0;;manual;78.0;cm tov WP;;manual;82.0;cm tov WP;;manual;;78.0;-1.17;-1.21;82.0;;2020-03-13T07:58:49.119Z;;;;;;;;;;;;4326.0;;2020-03-13T07:58:49.119Z
TI20072;Prio 1- 1 W7610-3 Zeeburg;5;13;8#i0;-0.39;;-0.39;-0.39;-0.39;99;5;;7.0;;manual;68.0;cm tov WP;;manual;82.0;cm tov WP;;manual;;68.0;-1.07;-1.21;82.0;;2020-03-13T07:58:56.099Z;;;;;;;;;;;;4326.0;;2020-03-13T07:58:56.099Z
TI20072;Prio 1- 1 W7610-3 Zeeburg;5;14;8#i0;-0.39;;-0.39;-0.39;-0.39;99;5;;8.0;;manual;80.0;cm tov WP;;manual;82.0;cm tov WP;;manual;;80.0;-1.19;-1.21;82.0;;2020-03-13T07:59:01.571Z;;;;;;;;;;;;4326.0;;2020-03-13T07:59:01.571Z
TI20072;Prio 1- 1 W7610-3 Zeeburg;5;15;8#i0;-0.39;;-0.39;-0.39;-0.39;99;5;;9.0;;manual;82.0;cm tov WP;;manual;90.0;cm tov WP;;manual;;82.0;-1.21;-1.29;90.0;;2020-03-13T07:59:06.884Z;;;;;;;;;;;;4326.0;;2020-03-13T07:59:06.884Z
TI20072;Prio 1- 1 W7610-3 Zeeburg;5;16;8#i0;-0.39;;-0.39;-0.39;-0.39;99;5;;10.0;;manual;81.0;cm tov WP;;manual;90.0;cm tov WP;;manual;;81.0;-1.2000000000000002;-1.29;90.0;;2020-03-13T07:59:14.130Z;;;;;;;;;;;;4326.0;;2020-03-13T08:11:04.624Z
TI20072;Prio 1- 1 W7610-3 Zeeburg;5;17;8#i0;-0.39;;-0.39;-0.39;-0.39;99;7;;11.0;;manual;82.0;cm tov WP;;manual;93.0;cm tov WP;;manual;;82.0;-1.21;-1.32;93.0;;2020-03-13T07:59:28.294Z;;;;;;;;;;;;4326.0;;2020-03-13T07:59:28.294Z
TI20072;Prio 1- 1 W7610-3 Zeeburg;5;18;8#i0;-0.39;;-0.39;-0.39;-0.39;99;6;;12.0;;manual;89.0;cm tov WP;;manual;96.0;cm tov WP;;manual;;89.0;-1.28;-1.35;96.0;;2020-03-13T07:59:43.374Z;;;;;;;;;;;;4326.0;;2020-03-13T07:59:43.374Z
TI20072;Prio 1- 1 W7610-3 Zeeburg;5;19;8#i0;-0.39;;-0.39;-0.39;-0.39;99;6;;12.5;;manual;88.0;cm tov WP;;manual;93.0;cm tov WP;;manual;;88.0;-1.27;-1.32;93.0;;2020-03-13T08:00:09.411Z;;;;;;;;;;;;4326.0;;2020-03-13T08:00:09.411Z
TI20072;Prio 1- 1 W7610-3 Zeeburg;5;20;8#i0;-0.39;;-0.39;-0.39;-0.39;99;6;;13.0;;manual;72.0;cm tov WP;;manual;75.0;cm tov WP;;manual;;72.0;-1.1099999999999999;-1.1400000000000001;75.0;;2020-03-13T08:00:14.282Z;;;;;;;;;;;;4326.0;;2020-03-13T08:00:14.282Z
TI20072;Prio 1- 1 W7610-3 Zeeburg;5;21;8#i0;-0.39;;-0.39;-0.39;-0.39;99;6;;14.0;;manual;70.0;cm tov WP;;manual;78.0;cm tov WP;;manual;;70.0;-1.0899999999999999;-1.17;78.0;;2020-03-13T08:00:33.696Z;;;;;;;;;;;;4326.0;;2020-03-13T08:00:33.696Z
TI20072;Prio 1- 1 W7610-3 Zeeburg;5;22;8#i0;-0.39;;-0.39;-0.39;-0.39;99;6;;15.0;;manual;70.0;cm tov WP;;manual;75.0;cm tov WP;;manual;;70.0;-1.0899999999999999;-1.1400000000000001;75.0;;2020-03-13T08:00:44.734Z;;;;;;;;;;;;4326.0;;2020-03-13T08:00:44.734Z
TI20072;Prio 1- 1 W7610-3 Zeeburg;5;23;8#i0;-0.39;;-0.39;-0.39;-0.39;99;6;;16.0;;manual;69.0;cm tov WP;;manual;75.0;cm tov WP;;manual;;69.0;-1.08;-1.1400000000000001;75.0;;2020-03-13T08:00:55.266Z;;;;;;;;;;;;4326.0;;2020-03-13T08:00:55.266Z
TI20072;Prio 1- 1 W7610-3 Zeeburg;5;24;8#i0;-0.39;;-0.39;-0.39;-0.39;99;6;;17.0;;manual;80.0;cm tov WP;;manual;85.0;cm tov WP;;manual;;80.0;-1.19;-1.24;85.0;;2020-03-13T08:01:08.961Z;;;;;;;;;;;;4326.0;;2020-03-13T08:01:08.961Z
TI20072;Prio 1- 1 W7610-3 Zeeburg;5;25;8#i0;-0.39;;-0.39;-0.39;-0.39;99;6;;18.0;;manual;82.0;cm tov WP;;manual;90.0;cm tov WP;;manual;;82.0;-1.21;-1.29;90.0;;2020-03-13T08:01:17.728Z;;;;;;;;;;;;4326.0;;2020-03-13T08:01:17.728Z
TI20072;Prio 1- 1 W7610-3 Zeeburg;5;26;8#i0;-0.39;;-0.39;-0.39;-0.39;99;6;;19.0;;manual;83.0;cm tov WP;;manual;98.0;cm tov WP;;manual;;83.0;-1.22;-1.37;98.0;;2020-03-13T08:01:31.949Z;;;;;;;;;;;;4326.0;;2020-03-13T08:01:31.949Z
TI20072;Prio 1- 1 W7610-3 Zeeburg;5;27;8#i0;-0.39;;-0.39;-0.39;-0.39;99;6;;20.0;;manual;78.0;cm tov WP;;manual;93.0;cm tov WP;;manual;;78.0;-1.17;-1.32;93.0;;2020-03-13T08:02:16.681Z;;;;;;;;;;;;4326.0;;2020-03-13T08:02:16.681Z
TI20072;Prio 1- 1 W7610-3 Zeeburg;5;28;8#i0;-0.39;;-0.39;-0.39;-0.39;99;6;;20.5;;manual;48.0;cm tov WP;;manual;77.0;cm tov WP;;manual;;48.0;-0.87;-1.1600000000000001;77.0;;2020-03-13T08:02:30.744Z;;;;;;;;;;;;4326.0;;2020-03-13T08:02:30.744Z
TI20072;Prio 1- 1 W7610-3 Zeeburg;5;29;8#i0;-0.39;;-0.39;-0.39;-0.39;99;6;;21.0;;manual;35.0;cm tov WP;;manual;92.0;cm tov WP;;manual;;35.0;-0.74;-1.31;92.0;;2020-03-13T08:02:41.028Z;;;;;;;;;;;;4326.0;;2020-03-13T08:02:41.028Z
TI20072;Prio 1- 1 W7610-3 Zeeburg;5;30;8#i0;-0.39;;-0.39;-0.39;-0.39;99;6;;21.5;;manual;30.0;cm tov WP;;manual;85.0;cm tov WP;;manual;;30.0;-0.69;-1.24;85.0;;2020-03-13T08:02:55.107Z;;;;;;;;;;;;4326.0;;2020-03-13T08:02:55.107Z
TI20072;Prio 1- 1 W7610-3 Zeeburg;5;31;8#i0;-0.39;;-0.39;-0.39;-0.39;99;6;;22.0;;manual;28.0;cm tov WP;;manual;65.0;cm tov WP;;manual;;28.0;-0.67;-1.04;65.0;;2020-03-13T08:03:07.116Z;;;;;;;;;;;;4326.0;;2020-03-13T08:03:07.116Z
TI20072;Prio 1- 1 W7610-3 Zeeburg;5;32;8#i0;-0.39;;-0.39;-0.39;-0.39;99;6;200;22.5;;manual;20.0;cm tov WP;;manual;31.0;cm tov WP;;manual;;20.0;-0.5900000000000001;-0.7;31.0;;2020-03-13T08:03:20.646Z;;;;;;;;;;;;4326.0;;2020-03-13T08:03:20.646Z
TI20072;Prio 1- 1 W7610-3 Zeeburg;5;33;8#i0;-0.39;;-0.39;-0.39;-0.39;99;6;200;22.7;;manual;14.0;cm tov WP;;manual;14.0;cm tov WP;;manual;;14.0;-0.53;-0.53;14.0;;2020-03-13T08:03:33.145Z;;;;;;;;;;;;4326.0;;2020-03-13T08:03:33.145Z
TI20072;Prio 1- 1 W7610-3 Zeeburg;5;34;8#i0;-0.39;;-0.39;-0.39;-0.39;22R;;200;22.8;0.02;gps;-0.39;mNAP;0.02;gps;;mNAP;;;;0;-0.39;-0.39;0;1584087707788.jpg;2020-03-13T08:05:50.470Z;;2.0;0.07006;126118.388;487006.227;1.6753119540764976;4.963122093333332;52.37017527166666;44.624;0.01;0.02;4326.0;-0.39474804592350243;2020-03-13T08:21:51.178Z
TI20072;Prio 1- 1 W7610-3 Zeeburg;5;35;8#i0;-0.39;;-0.39;-0.39;-0.39;2;;200;22.9;;manual;-32.0;cm tov WP;;manual;;mNAP;;;;-32.0;-0.07;;;;2020-03-13T08:07:22.869Z;;;;;;;;;;;;4326.0;;2020-03-13T08:09:26.498Z
TI20072;Prio 1- 1 W7610-3 Zeeburg;5;36;8#i0;-0.39;;-0.39;-0.39;-0.39;2;2;200;23.4;;manual;-57.0;cm tov WP;;manual;;mNAP;;;;-57.0;0.17999999999999994;;;;2020-03-13T08:07:00.944Z;;;;;;;;;;;;4326.0;;2020-03-13T08:09:31.170Z
TI20072;Prio 1- 1 W7610-3 Zeeburg;19;0;9#i0;-0.39;;-0.39;-0.39;-0.38;1;1;78;-0.72;0.02;gps;0.34;mNAP;0.02;gps;;mNAP;;;;-73;0.34;;;;2020-03-13T08:14:35.547Z;;2.0;0.07006;126123.488;487048.413;2.4139246395534206;4.96319335;52.37055468166667;45.362;0.01;0.02;4326.0;0.3438646395534206;2020-03-13T08:14:35.547Z
TI20072;Prio 1- 1 W7610-3 Zeeburg;19;1;9#i0;-0.39;;-0.39;-0.39;-0.38;1;;78;-0.173;0.02;gps;-0.01;mNAP;0.02;gps;;mNAP;;;;-38;-0.01;;;;2020-03-13T08:14:10.361Z;;2.0;0.07006;126122.933;487048.417;2.064922830671242;4.9631851933333335;52.370554688333335;45.013;0.01;0.02;4326.0;-0.005137169328757837;2020-03-13T08:14:10.361Z
TI20072;Prio 1- 1 W7610-3 Zeeburg;19;2;9#i0;-0.39;;-0.39;-0.39;-0.38;22L;;;0.0;0.02;gps;-0.39;mNAP;0.02;gps;;mNAP;;;;0;-0.39;-0.39;0;;2020-03-13T08:13:13.573Z;;2.0;0.07006;126122.772;487048.481;1.6769231961046378;4.963182823333334;52.37055525666666;44.625;0.01;0.02;4326.0;-0.3931368038953622;2020-03-13T08:13:13.573Z
TI20072;Prio 1- 1 W7610-3 Zeeburg;19;3;9#i0;-0.39;;-0.39;-0.39;-0.38;99;5;;0.1;;manual;14.0;cm tov WP;;manual;25.0;cm tov WP;;manual;;14.0;-0.53;-0.64;25.0;;2020-03-13T08:17:22.199Z;;;;;;;;;;;;4326.0;;2020-03-13T08:17:22.199Z
TI20072;Prio 1- 1 W7610-3 Zeeburg;19;4;9#i0;-0.39;;-0.39;-0.39;-0.38;99;5;;0.5;;manual;25.0;cm tov WP;;manual;53.0;cm tov WP;;manual;;25.0;-0.64;-0.92;53.0;;2020-03-13T08:17:29.012Z;;;;;;;;;;;;4326.0;;2020-03-13T08:17:29.012Z
TI20072;Prio 1- 1 W7610-3 Zeeburg;19;5;9#i0;-0.39;;-0.39;-0.39;-0.38;99;5;;1.0;;manual;33.0;cm tov WP;;manual;75.0;cm tov WP;;manual;;33.0;-0.72;-1.1400000000000001;75.0;;2020-03-13T08:17:36.008Z;;;;;;;;;;;;4326.0;;2020-03-13T08:17:36.008Z
TI20072;Prio 1- 1 W7610-3 Zeeburg;19;6;9#i0;-0.39;;-0.39;-0.39;-0.38;99;7;;1.5;;manual;38.0;cm tov WP;;manual;100.0;cm tov WP;;manual;;38.0;-0.77;-1.3900000000000001;100.0;;2020-03-13T08:17:43.498Z;;;;;;;;;;;;4326.0;;2020-03-13T08:17:43.498Z
TI20072;Prio 1- 1 W7610-3 Zeeburg;19;7;9#i0;-0.39;;-0.39;-0.39;-0.38;99;6;;2.0;;manual;38.0;cm tov WP;;manual;108.0;cm tov WP;;manual;;38.0;-0.77;-1.4700000000000002;108.0;;2020-03-13T08:17:52.066Z;;;;;;;;;;;;4326.0;;2020-03-13T08:17:52.066Z
TI20072;Prio 1- 1 W7610-3 Zeeburg;19;8;9#i0;-0.39;;-0.39;-0.39;-0.38;99;6;;2.5;;manual;32.0;cm tov WP;;manual;96.0;cm tov WP;;manual;;32.0;-0.71;-1.35;96.0;;2020-03-13T08:19:09.002Z;;;;;;;;;;;;4326.0;;2020-03-13T08:19:09.002Z
TI20072;Prio 1- 1 W7610-3 Zeeburg;19;9;9#i0;-0.39;;-0.39;-0.39;-0.38;99;6;;3.0;;manual;25.0;cm tov WP;;manual;55.0;cm tov WP;;manual;;25.0;-0.64;-0.9400000000000001;55.0;;2020-03-13T08:18:49.369Z;;;;;;;;;;;;4326.0;;2020-03-13T08:18:49.369Z
TI20072;Prio 1- 1 W7610-3 Zeeburg;19;10;9#i0;-0.39;;-0.39;-0.39;-0.38;99;6;;3.3;;manual;15.0;cm tov WP;;manual;15.0;cm tov WP;;manual;;15.0;-0.54;-0.54;15.0;;2020-03-13T08:18:39.281Z;;;;;;;;;;;;4326.0;;2020-03-13T08:18:39.281Z
TI20072;Prio 1- 1 W7610-3 Zeeburg;19;11;9#i0;-0.39;;-0.39;-0.39;-0.38;22R;;78;3.4;0.02;gps;-0.38;mNAP;0.02;gps;;mNAP;;;;0;-0.39;-0.39;0;;2020-03-13T08:15:24.144Z;;2.0;0.07006;126119.4;487048.834;1.6869168525165241;4.963133279999999;52.37055825000001;44.635;0.01;0.02;4326.0;-0.3831431474834759;2020-03-13T08:15:24.144Z
TI20072;Prio 1- 1 W7610-3 Zeeburg;19;12;9#i0;-0.39;;-0.39;-0.39;-0.38;2;;78;3.567;0.02;gps;0.04;mNAP;0.02;gps;;mNAP;;;;-43;0.04;;;;2020-03-13T08:16:00.557Z;;2.0;0.07006;126119.247;487048.766;2.1139153852655843;4.963131051666666;52.37055763333333;45.062;0.01;0.02;4326.0;0.043855385265584315;2020-03-13T08:16:00.557Z
TI20072;Prio 1- 1 W7610-3 Zeeburg;19;13;9#i0;-0.39;;-0.39;-0.39;-0.38;2;2;78;3.974;0.03;gps;0.35;mNAP;0.03;gps;;mNAP;;;;-74;0.35;;;;2020-03-13T08:16:33.445Z;;2.0;0.07006;126118.826;487048.861;2.4169153057114263;4.963124855;52.37055846166666;45.365;0.01;0.03;4326.0;0.3468553057114263;2020-03-13T08:16:33.445Z
